id,subcorpus,language,text,parallel_group,source,num_words,feature,morphemes_sw,num_morphemes,morphemes_detail,n_morphemes_seg,traduction_fr
P001_fr,A_parallel,fr,Le gouvernement a annoncé de nouvelles mesures économiques.,P001,FLORES-200 devtest,8,,,13.0,Le gouverne|ment a annonc|é de nouvel|le|s mesure|s économi|que|s,15.0,
P001_wo,A_parallel,wo,Dëkk bi dafa jox xëtu njëkëram ci yàgg-yàgg yu soppiku mbir yu njëkk.,P001,FLORES-200 devtest,13,,,16.0,Dëkk bi dafa jox xëtu njëkër|am ci yàgg-yàgg yu soppi|ku mbir yu njëkk,15.0,Le gouvernement a annoncé de nouvelles mesures économiques.
P001_yo,A_parallel,yo,Ìjọba ń kéde àwọn ìgbésẹ̀ ọrọ̀ ajé tuntun.,P001,FLORES-200 devtest,8,,,9.0,Ì|jọba ń kéde àwọn ì|gbésẹ̀ ọrọ̀ ajé tuntun,10.0,Le gouvernement a annoncé de nouvelles mesures économiques.
P001_sw,A_parallel,sw,Serikali imetangaza hatua mpya za kiuchumi.,P001,FLORES-200 devtest,6,,9.0,9.0,Serikali i|me|tangaza hatua mpya za ki|uchumi,9.0,Le gouvernement a annoncé de nouvelles mesures économiques.
P001_fon,A_parallel,fon,Sinsɛn ɔ ko ɖɔ nǔ yɔyɔ̌ lɛ dó azɔwanú jí.,P001,FLORES-200 devtest,10,,,11.0,Sinsɛn ɔ ko ɖɔ nǔ yɔyɔ̌ lɛ dó a|zɔ|wa|nú jí,13.0,Le gouvernement a annoncé de nouvelles mesures économiques.
P002_fr,A_parallel,fr,"Tout par lui a été fait, et sans lui n'a été fait rien de ce qui existe.",P002,bible,17,,,19.0,Tout par lui a êtr|é fait et sans lui n' a êtr|é fait rien de ce qui exist|e,21.0,
P002_wo,A_parallel,wo,Lépp ci Kàddu gi lañu ko sàkke. Sàkkeesul dara lu ñu sàkkewul ci moom.,P002,bible,14,,,17.0,Lépp ci Kàddu gi lañu ko sàkke Sàkke|es|ul dara lu ñu sàkke|wul ci moom,17.0,"Tout par lui a été fait, et sans lui n'a été fait rien de ce qui existe."
P002_yo,A_parallel,yo,Nípasẹ̀ rẹ̀ ni a dá ohun gbogbo; lẹ́yìn rẹ̀ a kò sì dá ohun kan nínú ohun tí a ti dá. ,P002,bible,21,,,20.0,Ní|pasẹ̀ rẹ̀ ni a dá ohun gbogbo lẹ́yìn rẹ̀ a kò sì dá ohun kan nínú ohun tí a ti dá,22.0,"Tout par lui a été fait, et sans lui n'a été fait rien de ce qui existe."
P002_sw,A_parallel,sw,Kwa njia yake vitu vyote viliumbwa; hakuna hata kiumbe kimoja kilichoumbwa pasipo yeye. ,P002,bible,13,,7.0,7.0,Kwa njia yake vi|tu vyote vi|li|umbwa hakuna hata ki|umbe ki|moja ki|li|cho|umbwa pasipo yeye,21.0,"Tout par lui a été fait, et sans lui n'a été fait rien de ce qui existe."
P002_fon,A_parallel,fon,É jí wɛ è gbɔn bó bló nǔ e ɖo gbɛ ɔ́ mɛ lɛ́ɛ bǐ; è blǒ nǔ ɖěbǔ é mɛ vo ǎ.,P002,bible,23,,,23.0,É jí wɛ è gbɔn bó bló nǔ e ɖo gbɛ ɔ mɛ lɛ bǐ è blǒ nǔ ɖěbǔ é mɛ vo ǎ,23.0,"Tout par lui a été fait, et sans lui n'a été fait rien de ce qui existe."
P003_fr,A_parallel,fr,Il était au commencement en Dieu.,P003,bible,6,,,10.0,Il êtr|ait au commence|ment en Dieu,8.0,
P003_wo,A_parallel,wo,Njàlbéen ga fekk na Kàddu gi nekk ak Yàlla. ,P003,bible,9,,,9.0,Njàlbéen ga fekk na Kàddu gi nekk ak Yàlla,9.0,Il était au commencement en Dieu.
P003_yo,A_parallel,yo,Òun ni ó sì wà pẹ̀lú Ọlọ́run ní àtètèkọ́ṣe.,P003,bible,9,,,10.0,Òun ni ó sì wà pẹ̀lú Ọlọ́run ní à|tètè|kọ́ṣe,11.0,Il était au commencement en Dieu.
P003_sw,A_parallel,sw,Tangu mwanzo Neno alikuwa na Mungu. ,P003,bible,6,,11.0,11.0,Tangu mwanzo Neno a|li|kuwa na Mungu,8.0,Il était au commencement en Dieu.
P003_fon,A_parallel,fon,Xó énɛ́ kó ɖe tɛgbɛ xá Mawu ɖo bǐbɛ́mɛ.,P003,bible,9,,,11.0,Xó énɛ kó ɖe tɛgbɛ xá Mawu ɖo bǐ|bɛ́|mɛ,11.0,Il était au commencement en Dieu.
P004_fr,A_parallel,fr,"En lui était la vie, et la vie était la lumière des hommes.",P004,bible,13,,,17.0,En lui êtr|ait la vie et la vie êtr|ait la lumièr|e des homme|s,17.0,
P004_wo,A_parallel,wo,"Ci moom la dund nekk, te dund dig leer, ñeel nit ñi.",P004,bible,12,,,12.0,Ci moom la dund nekk te dund dig leer ñeel nit ñi,12.0,"En lui était la vie, et la vie était la lumière des hommes."
P004_yo,A_parallel,yo,"Nínú rẹ̀ ni ìyè wà, ìyè yìí náà sì ni ìmọ́lẹ̀ aráyé.",P004,bible,12,,,13.0,Nínú rẹ̀ ni ìyè wà ìyè yìí náà sì ni ì|mọ́lẹ̀ ar|ayé,14.0,"En lui était la vie, et la vie était la lumière des hommes."
P004_sw,A_parallel,sw,Yeye alikuwa chanzo cha uhai na uhai huo ulikuwa mwanga wa watu. ,P004,bible,12,,7.0,7.0,Yeye a|li|kuwa chanzo cha u|hai na u|hai huo u|li|kuwa mwanga wa watu,18.0,"En lui était la vie, et la vie était la lumière des hommes."
P004_fon,A_parallel,fon,"É mɛ wɛ gbɛ ɖe, bɔ gbɛ ɔ́ ka nɔ ná wěziza gbɛtɔ́. ",P004,bible,13,,,14.0,É mɛ wɛ gbɛ ɖe bɔ gbɛ ɔ ka nɔ ná wɛ|ziza gbɛ|tɔ,15.0,"En lui était la vie, et la vie était la lumière des hommes."
P005_fr,A_parallel,fr,"Il vint chez lui, et les siens ne l'ont pas reçu.",P005,bible,11,,,13.0,Il vin|t chez lui et les sien|s ne l' on|t pas reç|u,16.0,
P005_wo,A_parallel,wo,"Ci ñoñam la ñëw, waaye ñoñam a ko dalalul.",P005,bible,9,,,11.0,Ci ñoñ|am la ñëw waaye ñoñ|am a ko dalal|ul,12.0,"Il vint chez lui, et les siens ne l'ont pas reçu."
P005_yo,A_parallel,yo,"Ó tọ àwọn tirẹ̀ wá, àwọn tirẹ̀ kò sì gbà á. ",P005,bible,11,,,11.0,Ó tọ àwọn tirẹ̀ wá àwọn tirẹ̀ kò sì gbà á,11.0,"Il vint chez lui, et les siens ne l'ont pas reçu."
P005_sw,A_parallel,sw,"Alikuja katika nchi yake mwenyewe, nao walio wake hawakumpokea. ",P005,bible,9,,11.0,11.0,A|li|kuja katika nchi yake mwenyewe nao wa|lio wake ha|wa|ku|m|pokea,16.0,"Il vint chez lui, et les siens ne l'ont pas reçu."
P005_fon,A_parallel,fon,"É wá mɛ tɔn lɛ́ɛ gɔ́n, bɔ mɛ tɔn lɛ́ɛ ka yí i ǎ. ",P005,bible,14,,,14.0,É wá mɛ tɔn lɛ gɔn bɔ mɛ tɔn lɛ ka yí i ǎ,14.0,"Il vint chez lui, et les siens ne l'ont pas reçu."
P006_fr,A_parallel,fr,"Il y eut un homme, envoyé de Dieu; son nom était Jean.",P006,bible,12,,,14.0,Il y eut un homme envoy|é de Dieu son nom êtr|ait Jean,14.0,
P006_wo,A_parallel,wo,"Am na nit ku Yàlla yebal, ñu di ko wax Yaxya. ",P006,bible,11,,,11.0,Am na nit ku Yàlla yebal ñu di ko wax Yaxya,11.0,"Il y eut un homme, envoyé de Dieu; son nom était Jean."
P006_yo,A_parallel,yo,Ọkùnrin kan wà tí a rán láti ọ̀dọ̀ Ọlọ́run wá; orúkọ ẹni tí ń jẹ́ Johanu.,P006,bible,16,,,16.0,Ọkùnrin kan wà tí a rán láti ọ̀dọ̀ Ọlọ́run wá orúkọ ẹni tí ń jẹ́ Johanu,16.0,"Il y eut un homme, envoyé de Dieu; son nom était Jean."
P006_sw,A_parallel,sw,Mungu alimtuma mtu mmoja jina lake Yohane.,P006,bible,7,,8.0,8.0,Mungu a|li|m|tuma mtu mmoja jina lake Yohane,10.0,"Il y eut un homme, envoyé de Dieu; son nom était Jean."
P006_fon,A_parallel,fon," Mawu sɛ́ mɛɖé dó, bɔ nyǐkɔ tɔn nyí Jǎan .",P006,bible,9,,,10.0,Mawu sɛ́ mɛ|ɖé dó bɔ nyǐ|kɔ tɔn nyí Jǎan,11.0,"Il y eut un homme, envoyé de Dieu; son nom était Jean."
P007_fr,A_parallel,fr,La médecine moderne a permis de sauver de nombreuses vies.,P007,FLORES-200 devtest,10,,,14.0,La médecin|e modern|e a permi|s de sauv|er de nombreus|e|s vie|s,17.0,
P007_wo,A_parallel,wo,Dëgëm bu yore bi dafa mën a dëkk yoon yi ngir méngal xel.,P007,FLORES-200 devtest,13,,,14.0,Dëgëm bu yore bi dafa mën a dëkk yoon yi ngir méngal xel,13.0,La médecine moderne a permis de sauver de nombreuses vies.
P007_yo,A_parallel,yo,Ìmọ̀ ìjìnlẹ̀ ogún òde òní ti gbà ọ̀pọ̀ ẹ̀mí là.,P007,FLORES-200 devtest,10,,,11.0,Ì|mọ̀ ì|jìnlẹ̀ ogún òde òní ti gbà ọ̀pọ̀ ẹ̀mí là,12.0,La médecine moderne a permis de sauver de nombreuses vies.
P007_sw,A_parallel,sw,Dawa ya kisasa imesaidia kuokoa maisha mengi.,P007,FLORES-200 devtest,7,,9.0,9.0,Dawa ya ki|sasa i|me|saidia ku|okoa maisha mengi,11.0,La médecine moderne a permis de sauver de nombreuses vies.
P007_fon,A_parallel,fon,Nɔxuanú yɔyɔ̌ e xlɛ́ ɔ ko d'alɔ bo hwlɛn gbɛ̀ wema gègě.,P007,FLORES-200 devtest,12,,,14.0,Nɔ|xua|nú yɔyɔ̌ e xlɛ́ ɔ ko d'alɔ bo hwlɛn gbɛ̀ we|ma gègě,15.0,La médecine moderne a permis de sauver de nombreuses vies.
P008_fr,A_parallel,fr,Les jeunes sont l'avenir de la société.,P008,FLORES-200 devtest,7,,,10.0,Les jeun|e|s son|t l' aven|ir de la société,12.0,
P008_wo,A_parallel,wo,Reew mi mooy yëngël bu suukandiku.,P008,FLORES-200 devtest,6,,,7.0,Reew mi mooy yëngël bu suukan|diku,7.0,Les jeunes sont l'avenir de la société.
P008_yo,A_parallel,yo,Àwọn ọ̀dọ́ ni ọjọ́ iwájú àwùjọ.,P008,FLORES-200 devtest,6,,,8.0,Àwọn ọ̀dọ́ ni ọjọ́ iwájú à|wùjọ,7.0,Les jeunes sont l'avenir de la société.
P008_sw,A_parallel,sw,Vijana ndio mustakabali wa jamii.,P008,FLORES-200 devtest,5,,5.0,5.0,Vi|jana ndio mustakabali wa jamii,6.0,Les jeunes sont l'avenir de la société.
P008_fon,A_parallel,fon,Mɛxotɔ lɛ wɛ nyí nukɔnmɛ tɔn.,P008,FLORES-200 devtest,6,,,8.0,Mɛ|xo|tɔ lɛ wɛ nyí nu|kɔn|mɛ tɔn,10.0,Les jeunes sont l'avenir de la société.
P009_fr,A_parallel,fr,La forêt tropicale abrite des milliers d'espèces animales.,P009,FLORES-200 devtest,8,,,14.0,La forêt tropic|al|e abrit|e des millier|s d' espèc|e|s animal|e|s,17.0,
P009_wo,A_parallel,wo,Kër bu yomb bi dafa am yoon yu bari yu xale yu jàmm.,P009,FLORES-200 devtest,13,,,13.0,Kër bu yomb bi dafa am yoon yu bari yu xale yu jàmm,13.0,La forêt tropicale abrite des milliers d'espèces animales.
P009_yo,A_parallel,yo,Igbó ilẹ̀ igbóná ní ẹgbẹẹgbẹ̀rún irú ẹranko.,P009,FLORES-200 devtest,7,,,10.0,Igbó ilẹ̀ igbóná ní ẹgbẹẹgbẹ̀rún irú ẹranko,7.0,La forêt tropicale abrite des milliers d'espèces animales.
P009_sw,A_parallel,sw,Msitu wa tropiki una maelfu ya spishi za wanyama.,P009,FLORES-200 devtest,9,,9.0,9.0,Msitu wa tropiki u|na maelfu ya spishi za wa|nyama,11.0,La forêt tropicale abrite des milliers d'espèces animales.
P009_fon,A_parallel,fon,Zɔ gbɛya ɔ nɔ nyí xwégbe nú suklu wema gègě.,P009,FLORES-200 devtest,10,,,13.0,Zɔ gbɛ|ya ɔ nɔ nyí xwé|gbe nú su|klu we|ma gègě,14.0,La forêt tropicale abrite des milliers d'espèces animales.
P010_fr,A_parallel,fr,Les nouvelles technologies changent notre façon de vivre.,P010,FLORES-200 devtest,8,,,14.0,Les nouvel|le|s technologi|e|s chang|ent notr|e façon de vivr|e,15.0,
P010_wo,A_parallel,wo,Xeetu njëkëram yi ëpp ci kanam dañuy soppi yoon wu ñu dëkk.,P010,FLORES-200 devtest,12,,,14.0,Xeetu njëkëram yi ëpp ci kanam dañuy soppi yoon wu ñu dëkk,12.0,Les nouvelles technologies changent notre façon de vivre.
P010_yo,A_parallel,yo,Ìmọ̀ ẹ̀rọ tuntun ń yí ọ̀nà tí a ń gbé ayé padà.,P010,FLORES-200 devtest,12,,,13.0,Ì|mọ̀ ẹ̀rọ tuntun ń yí ọ̀nà tí a ń gbé ayé padà,13.0,Les nouvelles technologies changent notre façon de vivre.
P010_sw,A_parallel,sw,Teknolojia mpya zinabadilisha njia yetu ya kuishi.,P010,FLORES-200 devtest,7,,9.0,9.0,Teknolojia mpya zi|na|badilisha njia yetu ya ku|ishi,10.0,Les nouvelles technologies changent notre façon de vivre.
P010_fon,A_parallel,fon,Nǔnywɛxɔ yɔyɔ̌ lɛ nɔ cí nǔ e mǐ nɔ wà gbɛ̀ mɛ tɔn.,P010,FLORES-200 devtest,13,,,15.0,Nǔ|nywɛ|xɔ yɔyɔ̌ lɛ nɔ cí nǔ e mǐ nɔ wà gbɛ̀ mɛ tɔn,15.0,Les nouvelles technologies changent notre façon de vivre.
P011_fr,A_parallel,fr,Le marché est ouvert chaque samedi matin.,P011,FLORES-200 devtest,7,,,11.0,Le march|é est ouver|t chaque samedi matin,9.0,
P011_wo,A_parallel,wo,Marché bi dafa jëlëndiku Aseer bu nekk suba.,P011,FLORES-200 devtest,8,,,9.0,Marché bi dafa jëlëndi|ku Aseer bu nekk suba,9.0,Le marché est ouvert chaque samedi matin.
P011_yo,A_parallel,yo,Ọjà ń ṣí gbogbo Àbámẹ́ta òwúrọ̀.,P011,FLORES-200 devtest,6,,,9.0,Ọjà ń ṣí gbogbo À|bámẹ́ta ò|wúrọ̀,8.0,Le marché est ouvert chaque samedi matin.
P011_sw,A_parallel,sw,Soko linafunguliwa kila Jumamosi asubuhi.,P011,FLORES-200 devtest,5,,7.0,7.0,Soko li|na|fungu|liwa kila Jumamosi asubuhi,8.0,Le marché est ouvert chaque samedi matin.
P011_fon,A_parallel,fon,Ayikúngban ɔ nɔ mɛ zǎnsínsɛn gbɛ̀ gbɛ̀.,P011,FLORES-200 devtest,7,,,11.0,Ayi|kún|gban ɔ nɔ mɛ zǎn|sín|sɛn gbɛ̀ gbɛ̀,11.0,Le marché est ouvert chaque samedi matin.
P012_fr,A_parallel,fr,Les étudiants préparent leurs examens avec sérieux.,P012,FLORES-200 devtest,7,,,14.0,Les étudiant|s prépar|ent leur|s examen|s avec sérieux,11.0,
P012_wo,A_parallel,wo,Jangalekat yi dañuy sëtu ci jàngam yu ne ci kanam ak xam xam.,P012,FLORES-200 devtest,13,,,15.0,Jangale|kat yi dañuy sëtu ci jàng|am yu ne ci kanam ak xam xam,15.0,Les étudiants préparent leurs examens avec sérieux.
P012_yo,A_parallel,yo,Àwọn akẹ́kọ̀ọ́ ń múrasílẹ̀ fún àwọn ìdánwò wọn pẹ̀lú ìsirárà.,P012,FLORES-200 devtest,10,,,14.0,Àwọn a|kẹ́kọ̀ọ́ ń mú|ra|sílẹ̀ fún àwọn ì|dánwò wọn pẹ̀lú ì|si|rárà,16.0,Les étudiants préparent leurs examens avec sérieux.
P012_sw,A_parallel,sw,Wanafunzi wanajitayarisha kwa mitihani yao kwa uzito.,P012,FLORES-200 devtest,7,,11.0,11.0,Wana|funzi wa|na|ji|tayarisha kwa mi|tahani yao kwa uzito,12.0,Les étudiants préparent leurs examens avec sérieux.
P012_fon,A_parallel,fon,Suklu mɛ lɛ nɔ wɛn azɔ bo nɔ d'alɔ ɖò zɔ̌sisa.,P012,FLORES-200 devtest,11,,,13.0,Su|klu mɛ lɛ nɔ wɛn a|zɔ bo nɔ d'alɔ ɖò zɔ̌|si|sa,15.0,Les étudiants préparent leurs examens avec sérieux.
P013_fr,A_parallel,fr,La paix est nécessaire pour le développement d'un pays.,P013,FLORES-200 devtest,9,,,14.0,La paix est nécessair|e pour le développ|e|ment d' un pay|s,14.0,
P013_wo,A_parallel,wo,Jam mooy nit ki bëgg a yor ngir dëkk bi dëkk.,P013,FLORES-200 devtest,11,,,11.0,Jam mooy nit ki bëgg a yor ngir dëkk bi dëkk,11.0,La paix est nécessaire pour le développement d'un pays.
P013_yo,A_parallel,yo,Àlàáfíà ṣe pàtàkì fún ìdàgbàsókè orílẹ̀-èdè kan.,P013,FLORES-200 devtest,7,,,14.0,À|làáfíà ṣe pàtàkì fún ì|dàgbà|sókè orí|lẹ̀-èdè kan,11.0,La paix est nécessaire pour le développement d'un pays.
P013_sw,A_parallel,sw,Amani inahitajika kwa maendeleo ya nchi.,P013,FLORES-200 devtest,6,,8.0,8.0,Amani i|na|hitajika kwa ma|endeleo ya nchi,9.0,La paix est nécessaire pour le développement d'un pays.
P013_fon,A_parallel,fon,Fífá nyí nǔ e hɛn hudo nú tò ɔ tɔn gbigbɔ.,P013,FLORES-200 devtest,11,,,13.0,Fí|fá nyí nǔ e hɛn hudo nú tò ɔ tɔn gbigbɔ,12.0,La paix est nécessaire pour le développement d'un pays.
P014_fr,A_parallel,fr,Les femmes jouent un rôle crucial dans le développement.,P014,FLORES-200 devtest,9,,,14.0,Les femm|e|s jou|ent un rôle crucial dans le développ|e|ment,14.0,
P014_wo,A_parallel,wo,Jigéen yi am solo bu dëgëër ci njëkëram bu dëkk.,P014,FLORES-200 devtest,10,,,11.0,Jigéen yi am solo bu dëgëër ci njëkëram bu dëkk,10.0,Les femmes jouent un rôle crucial dans le développement.
P014_yo,A_parallel,yo,Àwọn obìnrin ń kó ipa pàtàkì nínú ìdàgbàsókè.,P014,FLORES-200 devtest,8,,,12.0,Àwọn o|bìnrin ń kó ipa pàtàkì nínú ì|dàgbà|sókè,11.0,Les femmes jouent un rôle crucial dans le développement.
P014_sw,A_parallel,sw,Wanawake wana jukumu muhimu katika maendeleo.,P014,FLORES-200 devtest,6,,8.0,8.0,Wana|wake wana jukumu muhimu katika ma|endeleo,8.0,Les femmes jouent un rôle crucial dans le développement.
P014_fon,A_parallel,fon,Nyɔnu lɛ nɔ wà azɔ taji ɖò gbigbɔ mɛ.,P014,FLORES-200 devtest,9,,,11.0,Nyo|nu lɛ nɔ wà a|zɔ ta|ji ɖò gbigbɔ mɛ,12.0,Les femmes jouent un rôle crucial dans le développement.
P015_fr,A_parallel,fr,La musique africaine est riche en rythmes et en mélodies.,P015,FLORES-200 devtest,10,,,15.0,La musiqu|e african|e est rich|e en rhythm|e|s et en mélodie|s,16.0,
P015_wo,A_parallel,wo,Xoloor wu Afrig wi dafa jar xeetu waxtaan yi te yomb yi.,P015,FLORES-200 devtest,12,,,12.0,Xoloor wu Afrig wi dafa jar xeetu waxtaan yi te yomb yi,12.0,La musique africaine est riche en rythmes et en mélodies.
P015_yo,A_parallel,yo,Orin Áfíríkà jẹ ọlọ́rọ̀ nínú rítimù àti orin.,P015,FLORES-200 devtest,8,,,9.0,Orin Áfíríkà jẹ ọ|lọ́rọ̀ nínú rítimù àti orin,9.0,La musique africaine est riche en rythmes et en mélodies.
P015_sw,A_parallel,sw,Muziki wa Kiafrika una utajiri wa midundo na nyimbo.,P015,FLORES-200 devtest,9,,10.0,10.0,Muziki wa Ki|Afrika u|na utajiri wa mi|dundo na nyimbo,12.0,La musique africaine est riche en rythmes et en mélodies.
P015_fon,A_parallel,fon,Hɛn Afrique tɔn nyí nǔ nyanya e ɖè dindo kpo xó kpo.,P015,FLORES-200 devtest,12,,,14.0,Hɛn Afrique tɔn nyí nǔ nya|nya e ɖè dindo kpo xó kpo,13.0,La musique africaine est riche en rythmes et en mélodies.
P016_fr,A_parallel,fr,Il faut protéger l'environnement pour les générations futures.,P016,FLORES-200 devtest,8,,,14.0,Il faut protég|er l' environ|ne|ment pour les génération|s futur|e|s,15.0,
P016_wo,A_parallel,wo,Da fa war anu xam xam ci ndaw mi ngir njiit yi.,P016,FLORES-200 devtest,12,,,12.0,Da fa war anu xam xam ci ndaw mi ngir njiit yi,12.0,Il faut protéger l'environnement pour les générations futures.
P016_yo,A_parallel,yo,A gbọdọ daabobo àyíká fún àwọn ìran tó ń bọ̀.,P016,FLORES-200 devtest,10,,,13.0,A gbọdọ da|a|bo|bo à|yíká fún àwọn ì|ran tó ń bọ̀,15.0,Il faut protéger l'environnement pour les générations futures.
P016_sw,A_parallel,sw,Tunahitaji kulinda mazingira kwa vizazi vijavyo.,P016,FLORES-200 devtest,6,,9.0,9.0,Tu|na|hitaji ku|linda mazingira kwa vi|zazi vi|ja|vyo,12.0,Il faut protéger l'environnement pour les générations futures.
P016_fon,A_parallel,fon,Mǐ ɖó na gbí ayikúngban ɔ bɔ zǎngbeto lɛ na ɖu.,P016,FLORES-200 devtest,11,,,13.0,Mǐ ɖó na gbí ayi|kún|gban ɔ bɔ zǎn|gbeto lɛ na ɖu,14.0,Il faut protéger l'environnement pour les générations futures.
P017_fr,A_parallel,fr,Le football est le sport le plus populaire en Afrique.,P017,FLORES-200 devtest,10,,,14.0,Le football est le sport le plus populair|e en Afriqu|e,12.0,
P017_wo,A_parallel,wo,Foot mooy game wu ëpp ci Afrig.,P017,FLORES-200 devtest,7,,,7.0,Foot mooy game wu ëpp ci Afrig,7.0,Le football est le sport le plus populaire en Afrique.
P017_yo,A_parallel,yo,Bọ́ọ̀lù afẹsẹ jẹ eré ìdárayá tó gbajúmọ̀ jùlọ ní Áfíríkà.,P017,FLORES-200 devtest,10,,,14.0,Bọ́ọ̀lù a|fẹsẹ jẹ eré ì|dárayá tó gbajú|mọ̀ jùlọ ní Áfíríkà,13.0,Le football est le sport le plus populaire en Afrique.
P017_sw,A_parallel,sw,Soka ndilo mchezo maarufu zaidi barani Afrika.,P017,FLORES-200 devtest,7,,7.0,7.0,Soka ndilo m|chezo maarufu zaidi barani Afrika,8.0,Le football est le sport le plus populaire en Afrique.
P017_fon,A_parallel,fon,Fútibɔ̌ wɛ nyí ɖɔgbɔ taji ɖò Afrique.,P017,FLORES-200 devtest,7,,,8.0,Fú|ti|bɔ̌ wɛ nyí ɖɔ|gbɔ ta|ji ɖò Afrique,11.0,Le football est le sport le plus populaire en Afrique.
P018_fr,A_parallel,fr,Les traditions culturelles sont transmises de génération en génération.,P018,FLORES-200 devtest,9,,,17.0,Les tradition|s cultur|el|le|s son|t transmis|e|s de génération en génération,16.0,
P018_wo,A_parallel,wo,Xeeyu mbind mi dafa jël ci kanam ca biir mbokk yi.,P018,FLORES-200 devtest,11,,,11.0,Xeeyu mbind mi dafa jël ci kanam ca biir mbokk yi,11.0,Les traditions culturelles sont transmises de génération en génération.
P018_yo,A_parallel,yo,A ń gbé àwọn àṣà ìbílẹ̀ kálẹ̀ láti ìran sí ìran.,P018,FLORES-200 devtest,11,,,16.0,A ń gbé àwọn à|ṣà ì|bílẹ̀ kálẹ̀ láti ì|ran sí ì|ran,15.0,Les traditions culturelles sont transmises de génération en génération.
P018_sw,A_parallel,sw,Mila za kitamaduni zinapitishwa kutoka kizazi hadi kizazi.,P018,FLORES-200 devtest,8,,10.0,10.0,Mila za ki|tamaduni zi|na|pitishwa kutoka ki|zazi hadi ki|zazi,13.0,Les traditions culturelles sont transmises de génération en génération.
P018_fon,A_parallel,fon,Nǔkplɔnkplɔn tɔ lɛ nɔ yì sín zǎngbeto ɖokpo jɛ alɔ ɖevo.,P018,FLORES-200 devtest,11,,,16.0,Nǔ|kplɔn|kplɔn tɔ lɛ nɔ yì sín zǎn|gbeto ɖo|kpo jɛ alɔ ɖevo,15.0,Les traditions culturelles sont transmises de génération en génération.
P019_fr,A_parallel,fr,La radio est un moyen de communication important en zone rurale.,P019,FLORES-200 devtest,11,,,17.0,La radio est un moyen de commun|ic|ation important en zon|e rural|e,15.0,
P019_wo,A_parallel,wo,Radyo mooy yoon wu am solo ci dëkk bu wer.,P019,FLORES-200 devtest,10,,,10.0,Radyo mooy yoon wu am solo ci dëkk bu wer,10.0,La radio est un moyen de communication important en zone rurale.
P019_yo,A_parallel,yo,Rédíò jẹ ọ̀nà ìbáraẹniṣepọ̀ pàtàkì ní àgbègbè ìdílé.,P019,FLORES-200 devtest,8,,,16.0,Rédíò jẹ ọ̀nà ì|báraẹni|ṣepọ̀ pàtàkì ní à|gbègbè ì|dílé,12.0,La radio est un moyen de communication important en zone rurale.
P019_sw,A_parallel,sw,Redio ni njia muhimu ya mawasiliano katika maeneo ya vijijini.,P019,FLORES-200 devtest,10,,11.0,11.0,Redio ni njia muhimu ya ma|wasiliano katika ma|eneo ya vi|jijini,13.0,La radio est un moyen de communication important en zone rurale.
P019_fon,A_parallel,fon,Rédio wɛ nyí hɛn taji ɖò toxo mɛ.,P019,FLORES-200 devtest,8,,,9.0,Rédio wɛ nyí hɛn ta|ji ɖò toxo mɛ,9.0,La radio est un moyen de communication important en zone rurale.
P020_fr,A_parallel,fr,Les enfants ont droit à l'éducation dans tous les pays.,P020,FLORES-200 devtest,10,,,14.0,Les enfant|s on|t droit à l' éduc|ation dans tous les pay|s,15.0,
P020_wo,A_parallel,wo,Xale yi am sant ci jàng ci dëkk yépp.,P020,FLORES-200 devtest,9,,,9.0,Xale yi am sant ci jàng ci dëkk yépp,9.0,Les enfants ont droit à l'éducation dans tous les pays.
P020_yo,A_parallel,yo,Àwọn ọmọ ní ẹ̀tọ́ sí ẹ̀kọ́ ní gbogbo orílẹ̀-èdè.,P020,FLORES-200 devtest,9,,,13.0,Àwọn ọmọ ní ẹ̀|tọ́ sí ẹ̀|kọ́ ní gbogbo orí|lẹ̀-èdè,12.0,Les enfants ont droit à l'éducation dans tous les pays.
P020_sw,A_parallel,sw,Watoto wana haki ya elimu katika nchi zote.,P020,FLORES-200 devtest,8,,8.0,8.0,Wa|toto wa|na haki ya elimu katika nchi zote,10.0,Les enfants ont droit à l'éducation dans tous les pays.
P020_fon,A_parallel,fon,Vǐ lɛ ɖó nǔkplɔnkplɔn sí ɖò tò lɛ bǐ mɛ.,P020,FLORES-200 devtest,10,,,13.0,Vǐ lɛ ɖó nǔ|kplɔn|kplɔn sí ɖò tò lɛ bǐ mɛ,12.0,Les enfants ont droit à l'éducation dans tous les pays.
P021_fr,A_parallel,fr,La chaleur du soleil est intense en saison sèche.,P021,FLORES-200 devtest,9,,,13.0,La chaleur du soleil est intens|e en saison sèch|e,11.0,
P021_wo,A_parallel,wo,Tëdd bu jant bi dafa tang sëgën ci yaj yi.,P021,FLORES-200 devtest,10,,,10.0,Tëdd bu jant bi dafa tang sëgën ci yaj yi,10.0,La chaleur du soleil est intense en saison sèche.
P021_yo,A_parallel,yo,Ìgbóná oòrùn náà pọ̀ ní àkókò ọjọ́ ogbele.,P021,FLORES-200 devtest,8,,,11.0,Ì|gbóná oò|rùn náà pọ̀ ní à|kókò ọjọ́ ogbele,11.0,La chaleur du soleil est intense en saison sèche.
P021_sw,A_parallel,sw,Joto la jua ni kali sana wakati wa kiangazi.,P021,FLORES-200 devtest,9,,8.0,8.0,Joto la jua ni kali sana wakati wa ki|angazi,10.0,La chaleur du soleil est intense en saison sèche.
P021_fon,A_parallel,fon,Hwɛzɔ ɔ gbɔn tawun ɖò azǎn susu.,P021,FLORES-200 devtest,7,,,9.0,Hwɛ|zɔ ɔ gbɔn ta|wun ɖò a|zǎn su|su,11.0,La chaleur du soleil est intense en saison sèche.
P022_fr,A_parallel,fr,Les hôpitaux manquent souvent de médicaments et de personnel.,P022,FLORES-200 devtest,9,,,14.0,Les hôpitaux manqu|ent souv|ent de médicament|s et de person|nel,13.0,
P022_wo,A_parallel,wo,Dëkk-dëkk yi dañ mën a metti ak nit-jëkëram.,P022,FLORES-200 devtest,8,,,11.0,Dëkk-dëkk yi dañ mën a metti ak nit-jëkër|am,9.0,Les hôpitaux manquent souvent de médicaments et de personnel.
P022_yo,A_parallel,yo,Àwọn ilé ìwòsàn máa ń ṣàì ní ìpésẹ̀ oògùn àti àwọn òṣìṣẹ́.,P022,FLORES-200 devtest,12,,,18.0,Àwọn ilé ì|wòsàn máa ń ṣàì ní ì|pésẹ̀ oògùn àti àwọn ò|ṣìṣẹ́,15.0,Les hôpitaux manquent souvent de médicaments et de personnel.
P022_sw,A_parallel,sw,Hospitali mara nyingi zinakosekana dawa na wafanyakazi.,P022,FLORES-200 devtest,7,,8.0,8.0,Hospitali mara nyingi zi|na|kosekana dawa na wa|fanyakazi,10.0,Les hôpitaux manquent souvent de médicaments et de personnel.
P022_fon,A_parallel,fon,Tɔ̀ gbɛ̀ mɛ nɔ yì dó nǔ e nyí toxo mɛ.,P022,FLORES-200 devtest,11,,,12.0,Tɔ̀ gbɛ̀ mɛ nɔ yì dó nǔ e nyí toxo mɛ,11.0,Les hôpitaux manquent souvent de médicaments et de personnel.
P023_fr,A_parallel,fr,L'agriculture est la principale source de revenus.,P023,FLORES-200 devtest,7,,,11.0,L' agri|cultur|e est la princip|al|e sourc|e de revenu|s,14.0,
P023_wo,A_parallel,wo,Jëf-jëf bu dëkk mooy yoon wu njëkk wu xalis.,P023,FLORES-200 devtest,9,,,10.0,Jëf-jëf bu dëkk mooy yoon wu njëkk wu xalis,9.0,L'agriculture est la principale source de revenus.
P023_yo,A_parallel,yo,Iṣẹ́ àgbẹ̀ ni orísun àpéjẹpọ̀ àkọ́kọ́.,P023,FLORES-200 devtest,6,,,13.0,I|ṣẹ́ à|gbẹ̀ ni orí|sun à|pé|jẹpọ̀ à|kọ́kọ́,12.0,L'agriculture est la principale source de revenus.
P023_sw,A_parallel,sw,Kilimo ni chanzo kikuu cha mapato.,P023,FLORES-200 devtest,6,,7.0,7.0,Ki|limo ni chanzo ki|kuu cha ma|pato,9.0,L'agriculture est la principale source de revenus.
P023_fon,A_parallel,fon,Dokunsinsɛn wɛ nyí buntɔ gbɛ̀ taji.,P023,FLORES-200 devtest,6,,,9.0,Do|kun|sin|sɛn wɛ nyí bun|tɔ gbɛ̀ ta|ji,11.0,L'agriculture est la principale source de revenus.
P024_fr,A_parallel,fr,Le fleuve traverse plusieurs villes et villages.,P024,FLORES-200 devtest,7,,,11.0,Le fleuve travers|e plusieurs vill|e|s et villag|e|s,12.0,
P024_wo,A_parallel,wo,Géej gi dafa tàkk dëkk yi ak penku yi.,P024,FLORES-200 devtest,9,,,9.0,Géej gi dafa tàkk dëkk yi ak penku yi,9.0,Le fleuve traverse plusieurs villes et villages.
P024_yo,A_parallel,yo,Odò náà ń gba ọ̀pọ̀ ìlú àti abúlé kọjá.,P024,FLORES-200 devtest,9,,,12.0,Odò náà ń gba ọ̀pọ̀ ì|lú àti a|búlé kọjá,11.0,Le fleuve traverse plusieurs villes et villages.
P024_sw,A_parallel,sw,Mto unapita katika miji na vijiji vingi.,P024,FLORES-200 devtest,7,,8.0,8.0,Mto u|na|pita katika mi|ji na vi|jiji vingi,11.0,Le fleuve traverse plusieurs villes et villages.
P024_fon,A_parallel,fon,Tɔ ɔ nɔ já xá kple toxo gègě.,P024,FLORES-200 devtest,8,,,9.0,Tɔ ɔ nɔ já xá kple toxo gègě,8.0,Le fleuve traverse plusieurs villes et villages.
P025_fr,A_parallel,fr,La construction de routes améliore l'accès aux services.,P025,FLORES-200 devtest,8,,,13.0,La construct|ion de rout|e|s amélior|e l' accès aux servic|e|s,15.0,
P025_wo,A_parallel,wo,Def ñaari yoon yi dafa yem ci njëkëram.,P025,FLORES-200 devtest,8,,,9.0,Def ñaari yoon yi dafa yem ci njëkëram,8.0,La construction de routes améliore l'accès aux services.
P025_yo,A_parallel,yo,Ìkọ́ òpópónà ń mú ìránnilọ sí àwọn iṣẹ́ dára.,P025,FLORES-200 devtest,9,,,15.0,Ì|kọ́ ò|pópónà ń mú ì|ránnilọ sí àwọn i|ṣẹ́ dára,13.0,La construction de routes améliore l'accès aux services.
P025_sw,A_parallel,sw,Ujenzi wa barabara unaboresha ufikiaji wa huduma.,P025,FLORES-200 devtest,7,,10.0,10.0,U|jenzi wa barabara u|na|boresha u|fikiaji wa hu|duma,12.0,La construction de routes améliore l'accès aux services.
P025_fon,A_parallel,fon,Hɛn yɔdó mɛ nɔ d'alɔ bɔ mɛ na sixu wá jɛ nǔ e ɖó na mɔ.,P025,FLORES-200 devtest,16,,,17.0,Hɛn yɔ|dó mɛ nɔ d'alɔ bɔ mɛ na sixu wá jɛ nǔ e ɖó na mɔ,17.0,La construction de routes améliore l'accès aux services.
P026_fr,A_parallel,fr,Les parents jouent un rôle essentiel dans l'éducation des enfants.,P026,FLORES-200 devtest,10,,,15.0,Les parent|s jou|ent un rôle essentiel dans l' éduc|ation des enfant|s,15.0,
P026_wo,A_parallel,wo,Yaay-baay yi am solo bu dëgëër ci jàng xale yi.,P026,FLORES-200 devtest,10,,,10.0,Yaay-baay yi am solo bu dëgëër ci jàng xale yi,10.0,Les parents jouent un rôle essentiel dans l'éducation des enfants.
P026_yo,A_parallel,yo,Àwọn òbí kó ipa pàtàkì nínú ẹ̀kọ́ àwọn ọmọ.,P026,FLORES-200 devtest,9,,,11.0,Àwọn ò|bí kó ipa pàtàkì nínú ẹ̀|kọ́ àwọn ọmọ,11.0,Les parents jouent un rôle essentiel dans l'éducation des enfants.
P026_sw,A_parallel,sw,Wazazi wana jukumu muhimu katika malezi ya watoto.,P026,FLORES-200 devtest,8,,10.0,10.0,Wa|zazi wa|na jukumu muhimu katika ma|lezi ya wa|toto,12.0,Les parents jouent un rôle essentiel dans l'éducation des enfants.
P026_fon,A_parallel,fon,Tɔ́ kpo nɔ kpo nyí nǔ taji ɖò vǐ lɛ tɔn kplɔnkplɔn mɛ.,P026,FLORES-200 devtest,13,,,14.0,Tɔ́ kpo nɔ kpo nyí nǔ ta|ji ɖò vǐ lɛ tɔn kplɔn|kplɔn mɛ,15.0,Les parents jouent un rôle essentiel dans l'éducation des enfants.
P027_fr,A_parallel,fr,Le changement climatique menace la sécurité alimentaire.,P027,FLORES-200 devtest,7,,,13.0,Le change|ment climat|iqu|e menac|e la sécur|ité aliment|air|e,14.0,
P027_wo,A_parallel,wo,Soppi ci xeex bi dafa jëm ci xeex bi.,P027,FLORES-200 devtest,9,,,9.0,Soppi ci xeex bi dafa jëm ci xeex bi,9.0,Le changement climatique menace la sécurité alimentaire.
P027_yo,A_parallel,yo,Ìyípadà ojú ọjọ́ ń ṣe ewu ìdáàbòbò oúnjẹ.,P027,FLORES-200 devtest,8,,,15.0,Ì|yípadà ojú ọjọ́ ń ṣe ewu ì|dáàbòbò oúnjẹ,10.0,Le changement climatique menace la sécurité alimentaire.
P027_sw,A_parallel,sw,Mabadiliko ya tabianchi yanaitishia usalama wa chakula.,P027,FLORES-200 devtest,7,,12.0,12.0,Ma|badiliko ya tabia|nchi ya|na|i|tishia u|salama wa cha|kula,14.0,Le changement climatique menace la sécurité alimentaire.
P027_fon,A_parallel,fon,Ahwɛ́ lɛlɛ̀ ɔ nɔ xlɛ́ ɖɔ nǔɖuɖu sín hwɛjijɔ nɔ ɖó tɛnmɛ.,P027,FLORES-200 devtest,12,,,17.0,Ahwɛ́ lɛ|lɛ̀ ɔ nɔ xlɛ́ ɖɔ nǔ|ɖu|ɖu sín hwɛ|ji|jɔ nɔ ɖó tɛn|mɛ,18.0,Le changement climatique menace la sécurité alimentaire.
P028_fr,A_parallel,fr,Les artisans préservent les techniques traditionnelles.,P028,FLORES-200 devtest,6,,,12.0,Les artisan|s préserv|ent les techniqu|e|s tradition|nel|le|s,13.0,
P028_wo,A_parallel,wo,Ndawrabkat yi dañuy topp xeeyu mbind mi.,P028,FLORES-200 devtest,7,,,9.0,Ndawrab|kat yi dañuy topp xeeyu mbind mi,8.0,Les artisans préservent les techniques traditionnelles.
P028_yo,A_parallel,yo,Àwọn ọnàkọjà ń ṣọ́ àwọn ọ̀nà ìbílẹ̀.,P028,FLORES-200 devtest,7,,,12.0,Àwọn ọ|nàkọjà ń ṣọ́ àwọn ọ̀nà ì|bílẹ̀,9.0,Les artisans préservent les techniques traditionnelles.
P028_sw,A_parallel,sw,Mafundi wanaendeleza mbinu za asili.,P028,FLORES-200 devtest,5,,7.0,7.0,Ma|fundi wa|na|endeleza m|binu za asili,9.0,Les artisans préservent les techniques traditionnelles.
P028_fon,A_parallel,fon,Mɛ e nɔ wà azɔ bǎ tɔn lɛ nɔ dó dandanxɛ lɛ sísí.,P028,FLORES-200 devtest,13,,,15.0,Mɛ e nɔ wà a|zɔ bǎ tɔn lɛ nɔ dó dan|dan|xɛ lɛ sí|sí,17.0,Les artisans préservent les techniques traditionnelles.
P029_fr,A_parallel,fr,L'accès à internet transforme l'économie numérique.,P029,FLORES-200 devtest,6,,,11.0,L' accès à internet transform|e l' économi|e numériqu|e,11.0,
P029_wo,A_parallel,wo,Yoon wu internet wi dafa soppi njëkëram bu numériqu.,P029,FLORES-200 devtest,9,,,10.0,Yoon wu internet wi dafa soppi njëkëram bu numériqu,9.0,L'accès à internet transforme l'économie numérique.
P029_yo,A_parallel,yo,Ìránnilọ sí íntánẹ́ẹ̀tì ń yí ọrọ̀ ajé dígítà pada.,P029,FLORES-200 devtest,9,,,11.0,Ì|ránnilọ sí íntánẹ́ẹ̀tì ń yí ọrọ̀ ajé dígítà pada,10.0,L'accès à internet transforme l'économie numérique.
P029_sw,A_parallel,sw,Ufikiaji wa intaneti unabadilisha uchumi wa kidijitali.,P029,FLORES-200 devtest,7,,10.0,10.0,U|fikiaji wa intaneti u|na|badilisha u|chumi wa ki|dijitali,12.0,L'accès à internet transforme l'économie numérique.
P029_fon,A_parallel,fon,Internet sín hɛn nyanya ɔ nɔ cí azɔwanú yɔyɔ̌.,P029,FLORES-200 devtest,9,,,11.0,Internet sín hɛn nya|nya ɔ nɔ cí a|zɔ|wa|nú yɔyɔ̌,13.0,L'accès à internet transforme l'économie numérique.
P030_fr,A_parallel,fr,La solidarité entre les peuples favorise la paix mondiale.,P030,FLORES-200 devtest,9,,,13.0,La solidar|ité entre les peupl|e|s favoris|e la paix mondial|e,14.0,
P030_wo,A_parallel,wo,Ëllëg bu nit yi ci kanam dafa dëkk jam ci àdduna bi.,P030,FLORES-200 devtest,12,,,12.0,Ëllëg bu nit yi ci kanam dafa dëkk jam ci àdduna bi,12.0,La solidarité entre les peuples favorise la paix mondiale.
P030_yo,A_parallel,yo,Ìfọwọsowọpọ̀ láàárín àwọn ènìyàn ń ṣe ìtọ́jú àlàáfíà àgbáyé.,P030,FLORES-200 devtest,9,,,20.0,Ì|fọwọ|so|wọpọ̀ láàárín àwọn ènìyàn ń ṣe ì|tọ́jú à|làáfíà à|gbáyé,15.0,La solidarité entre les peuples favorise la paix mondiale.
P030_sw,A_parallel,sw,Mshikamano kati ya watu unaendeleza amani duniani.,P030,FLORES-200 devtest,7,,9.0,9.0,M|shikamano kati ya wa|tu u|na|endeleza amani dunia|ni,12.0,La solidarité entre les peuples favorise la paix mondiale.
P030_fon,A_parallel,fon,Nǔwiwa ɖokpo e mɛ lɛ nɔ wà d'eji ɔ nɔ d'alɔ bo na mɔ fífá.,P030,FLORES-200 devtest,15,,,19.0,Nǔ|wi|wa ɖo|kpo e mɛ lɛ nɔ wà d'eji ɔ nɔ d'alɔ bo na mɔ fí|fá,19.0,La solidarité entre les peuples favorise la paix mondiale.
N001_wo,B_natural,wo,Senegaal mooy dëkk bu am yoon bu dëgëër ci Afrig Bëj-gannaar.,,Wikipedia/presse locale,11,,,12.0,,,Le Sénégal est un pays ayant une position importante en Afrique de l'Ouest.
N002_wo,B_natural,wo,Dakar mooy galle bu réy ci Senegaal te mooy kanam bu dëkk bi.,,Wikipedia/presse locale,13,,,13.0,,,Dakar est la grande ville du Sénégal et le centre du pays.
N003_wo,B_natural,wo,"Jën ak ceeb mooy thiéboudienne, ndox yu jën yi ci biir.",,Wikipedia/presse locale,11,,,12.0,,,"Le poisson et le riz constituent le thiéboudienne, le plat national."
N004_wo,B_natural,wo,Xale yi dañuy dem lekk ci tëlëvis bi guddi.,,Wikipedia/presse locale,9,,,10.0,,,Les enfants vont manger et regardent la télévision le soir.
N005_wo,B_natural,wo,Ndigal yi dañuy jox mbind yi ci kanam.,,Wikipedia/presse locale,8,,,9.0,,,Les directives leur donnent les orientations.
N006_wo,B_natural,wo,Dëkk yi ci Senegaal dañuy xam-xam fi.,,Wikipedia/presse locale,7,,,8.0,,,Les villes du Sénégal sont bien connues.
N007_wo,B_natural,wo,Jigéen yi ci Senegaal dañuy dem lekk ci kanam.,,Wikipedia/presse locale,9,,,10.0,,,Les femmes du Sénégal progressent dans l'éducation.
N008_wo,B_natural,wo,Nit ki dafa tëdd ay woon ci kër gi.,,Wikipedia/presse locale,9,,,10.0,,,La personne était couchée et souffrait dans la maison.
N009_wo,B_natural,wo,Mbeed mi dafa am solo ci dëkk bi.,,Wikipedia/presse locale,8,,,9.0,,,Le marché est important dans la ville.
N010_wo,B_natural,wo,Kaolack mooy dëkk bu bari xalis.,,Wikipedia/presse locale,6,,,7.0,,,Kaolack est une ville avec de nombreuses richesses.
N011_wo,B_natural,wo,Wolof mooy xam-xam bu réy ci Senegaal.,,Wikipedia/presse locale,7,,,8.0,,,Le wolof est la langue la plus connue au Sénégal.
N012_wo,B_natural,wo,Dëkk bi dafa jox yoon yu bari.,,Wikipedia/presse locale,7,,,8.0,,,La ville offre de nombreuses voies.
N013_wo,B_natural,wo,"Ci biir dëkk yi, nit yi dañuy yëgël.",,Wikipedia/presse locale,8,,,9.0,,,"Dans les villes, les gens s'instruisent."
N014_wo,B_natural,wo,Jàmm mooy nit ki bëgg.,,Wikipedia/presse locale,5,,,6.0,,,La paix est ce que tout homme veut.
N015_wo,B_natural,wo,Suuf bi dafa am jën yi.,,Wikipedia/presse locale,6,,,7.0,,,Le sol contient du poisson.
N016_wo,B_natural,wo,Ndox mi dafa jeex ci néeg yi.,,Wikipedia/presse locale,7,,,8.0,,,L'eau se finit dans les pièces.
N017_wo,B_natural,wo,Mbok mi dafa dem ci péey gi.,,Wikipedia/presse locale,7,,,8.0,,,Le parent est allé à la mer.
N018_wo,B_natural,wo,Xam-xam mooy yoon wu am solo.,,Wikipedia/presse locale,6,,,7.0,,,La connaissance est la voie importante.
N019_wo,B_natural,wo,Bàyyi na ko ci kaw bi.,,Wikipedia/presse locale,6,,,7.0,,,Il l'a laissé en haut.
N020_wo,B_natural,wo,Dafa ñëw ci bët bi.,,Wikipedia/presse locale,5,,,6.0,,,Il est venu devant les yeux.
N021_wo,B_natural,wo,Gëstu na ci biir wetinu gi.,,Wikipedia/presse locale,6,,,7.0,,,Il a cherché à l'intérieur du ventre.
N022_wo,B_natural,wo,Jóge na ci dëkk wi.,,Wikipedia/presse locale,5,,,6.0,,,Il est venu de la ville.
N023_wo,B_natural,wo,Liggéey bi dafa am solo.,,Wikipedia/presse locale,5,,,6.0,,,Le travail est important.
N024_wo,B_natural,wo,Mbind mi dafa wóor.,,Wikipedia/presse locale,4,,,5.0,,,La lettre est juste.
N025_wo,B_natural,wo,Nit ki dafa jàng bu dëgëër.,,Wikipedia/presse locale,6,,,7.0,,,La personne a beaucoup étudié.
N026_wo,B_natural,wo,Dëkk bi dafa am xam-xam.,,Wikipedia/presse locale,5,,,6.0,,,La ville a de la connaissance.
N027_wo,B_natural,wo,Jakaarlo ji dafa yem.,,Wikipedia/presse locale,4,,,5.0,,,La pensée est bonne.
N028_wo,B_natural,wo,Tëdd bi dafa nëw.,,Wikipedia/presse locale,4,,,5.0,,,Le moment est venu.
N029_wo,B_natural,wo,Kanam bi dafa wér.,,Wikipedia/presse locale,4,,,5.0,,,L'avenir est bon.
N030_wo,B_natural,wo,Xale bi dafa gëm.,,Wikipedia/presse locale,4,,,5.0,,,L'enfant croit.
N031_wo,B_natural,wo,Dem na ci kanam.,,Wikipedia/presse locale,4,,,5.0,,,Il est allé en avant.
N032_wo,B_natural,wo,Dafa bëgg xam-xam.,,Wikipedia/presse locale,3,,,6.0,,,Il veut la connaissance.
N033_wo,B_natural,wo,Nit ki dafa liggéey.,,Wikipedia/presse locale,4,,,6.0,,,La personne travaille.
N034_wo,B_natural,wo,Lekk na ceeb yi.,,Wikipedia/presse locale,4,,,5.0,,,Il a mangé le riz.
N035_wo,B_natural,wo,Dafa dëkk ci Dakar.,,Wikipedia/presse locale,4,,,6.0,,,Il habite à Dakar.
N036_wo,B_natural,wo,Jigéen yi dañuy liggéey.,,Wikipedia/presse locale,4,,,6.0,,,Les femmes travaillent.
N037_wo,B_natural,wo,Xale bi dafa jàng.,,Wikipedia/presse locale,4,,,5.0,,,L'enfant étudie.
N038_wo,B_natural,wo,Mbind mi dafa am.,,Wikipedia/presse locale,4,,,5.0,,,La lettre existe.
N039_wo,B_natural,wo,Dëkk bi dafa réy.,,Wikipedia/presse locale,4,,,5.0,,,La ville est grande.
N040_wo,B_natural,wo,Nit ki dafa wax.,,Wikipedia/presse locale,4,,,5.0,,,La personne parle.
N041_wo,B_natural,wo,Gëstu na ci xam-xam bi.,,Wikipedia/presse locale,5,,,7.0,,,Il a cherché la connaissance.
N042_wo,B_natural,wo,Liggéey bi dafa am solo bu dëgëër.,,Wikipedia/presse locale,7,,,7.0,,,Le travail est vraiment important.
N043_wo,B_natural,wo,Dëkk bi dafa am nit yi.,,Wikipedia/presse locale,6,,,6.0,,,La ville a des habitants.
N044_wo,B_natural,wo,Xale bi dafa tëdd.,,Wikipedia/presse locale,4,,,5.0,,,L'enfant est couché.
N045_wo,B_natural,wo,Mbind mi dafa yem.,,Wikipedia/presse locale,4,,,5.0,,,La lettre est bonne.
N046_wo,B_natural,wo,Dafa dem ci kër gi.,,Wikipedia/presse locale,5,,,6.0,,,Il est allé à la maison.
N047_wo,B_natural,wo,Nit ki dafa am xam-xam.,,Wikipedia/presse locale,5,,,6.0,,,La personne a de la connaissance.
N048_wo,B_natural,wo,Liggéey bi dafa wór.,,Wikipedia/presse locale,4,,,7.0,,,Le travail est vrai.
N049_wo,B_natural,wo,Dëkk bi dafa jox.,,Wikipedia/presse locale,4,,,5.0,,,La ville donne.
N050_wo,B_natural,wo,Xale bi dafa dem.,,Wikipedia/presse locale,4,,,5.0,,,L'enfant est parti.
N001_yo,B_natural,yo,Yorùbá jẹ ọ̀kan lára àwọn ède tó gbajúmọ̀ jùlọ ní Áfíríkà.,,Wikipedia/presse locale,11,,,13.0,,,Le yoruba est l'une des langues les plus populaires d'Afrique.
N002_yo,B_natural,yo,Ìlú Lagos ni ìlú tó tóbi jùlọ ní Nàìjíríà.,,Wikipedia/presse locale,9,,,11.0,,,Lagos est la plus grande ville du Nigeria.
N003_yo,B_natural,yo,Àwọn ọmọdé ń lo èdè Yorùbá ní ilé-ẹ̀kọ́.,,Wikipedia/presse locale,8,,,11.0,,,Les enfants utilisent la langue yoruba à l'école.
N004_yo,B_natural,yo,Oúnjẹ àgbàdo jẹ olókìkí ní Yorùbálànd.,,Wikipedia/presse locale,6,,,9.0,,,La nourriture à base de maïs est populaire au Yorubaland.
N005_yo,B_natural,yo,Ìjọba ṣe ìpínnu tuntun lórí ìdánilẹ́kọ̀ọ́.,,Wikipedia/presse locale,6,,,11.0,,,Le gouvernement a pris une nouvelle décision sur l'éducation.
N006_yo,B_natural,yo,Ọdọ̀ tó ń gbádùn orin ń joríire.,,Wikipedia/presse locale,7,,,9.0,,,Le jeune homme qui apprécie la musique sera heureux.
N007_yo,B_natural,yo,Àwọn obìnrin ń kó ipa pàtàkì nínú ìdàgbàsókè.,,Wikipedia/presse locale,8,,,11.0,,,Les femmes jouent un rôle important dans le développement.
N008_yo,B_natural,yo,Omi tó mọ́ ṣe pàtàkì fún ìlera.,,Wikipedia/presse locale,7,,,9.0,,,L'eau propre est importante pour la santé.
N009_yo,B_natural,yo,Àwọn ọmọ ilé-ẹ̀kọ́ ń ṣiṣẹ̀ kára.,,Wikipedia/presse locale,6,,,10.0,,,Les élèves travaillent dur.
N010_yo,B_natural,yo,Ìlú Ibadan ní ìtàn gígùn.,,Wikipedia/presse locale,5,,,9.0,,,La ville d'Ibadan a une longue histoire.
N011_yo,B_natural,yo,Ewéko ìgbó ní ọ̀pọ̀ àǹfààní.,,Wikipedia/presse locale,5,,,9.0,,,Les plantes de la forêt ont de nombreux avantages.
N012_yo,B_natural,yo,Àwọn àgbẹ̀ ń gbin àgbàdo ní àkókò ọjọ́ ojo.,,Wikipedia/presse locale,9,,,11.0,,,Les agriculteurs plantent du maïs pendant la saison des pluies.
N013_yo,B_natural,yo,Ọjọ́ ìsimi jẹ pàtàkì fún ìlera ọkàn.,,Wikipedia/presse locale,7,,,9.0,,,Le jour de repos est important pour la santé de l'esprit.
N014_yo,B_natural,yo,Àwọn ọmọ ń kọ́ ní àárọ̀ gbogbo.,,Wikipedia/presse locale,7,,,8.0,,,Les enfants apprennent chaque matin.
N015_yo,B_natural,yo,Oòrùn ń mọ́ dáradára ní Yorùbálànd.,,Wikipedia/presse locale,6,,,8.0,,,Le soleil brille bien au Yorubaland.
N016_yo,B_natural,yo,Àwọn tó jẹ ẹja ní ọ̀pọ̀ ìlera.,,Wikipedia/presse locale,7,,,9.0,,,Ceux qui mangent du poisson ont beaucoup de santé.
N017_yo,B_natural,yo,Àtẹlẹ gbalasa ń gbé ayé ẹ̀dá rọrùn.,,Wikipedia/presse locale,7,,,8.0,,,Les outils modernes facilitent la vie des êtres vivants.
N018_yo,B_natural,yo,Ọmọ tó bá kọ́ ẹ̀kọ́ ẹ̀kọ́ à máa ń yàtọ̀.,,Wikipedia/presse locale,10,,,9.0,,,L'enfant qui a bien étudié sera différent.
N019_yo,B_natural,yo,Àwọn ọdọ́ ń lo ẹ̀rọ fóọ̀nù wọn lójoojúmọ́.,,Wikipedia/presse locale,8,,,9.0,,,Les jeunes utilisent leurs téléphones tous les jours.
N020_yo,B_natural,yo,Iṣé àgbẹ̀ ń pèsè oúnjẹ fún gbogbo ènìyàn.,,Wikipedia/presse locale,8,,,9.0,,,L'agriculture fournit de la nourriture à tout le monde.
N021_yo,B_natural,yo,Ìpínlẹ̀ Ọṣun ní àwọn ibi tó dára.,,Wikipedia/presse locale,7,,,8.0,,,L'état d'Osun a de beaux endroits.
N022_yo,B_natural,yo,"Ní ilé-ẹ̀kọ́, àwọn ọmọ ń kọ́ ẹ̀kọ́ ìmọ̀.",,Wikipedia/presse locale,8,,,10.0,,,"À l'école, les enfants apprennent les sciences."
N023_yo,B_natural,yo,Àwọn olùkọ́ ń ṣiṣẹ̀ kára fún ọjọ́ iwájú.,,Wikipedia/presse locale,8,,,9.0,,,Les enseignants travaillent dur pour l'avenir.
N024_yo,B_natural,yo,Omi tú jẹ àìtó ní ọ̀pọ̀ àgbègbè.,,Wikipedia/presse locale,7,,,9.0,,,L'eau manque dans de nombreuses zones.
N025_yo,B_natural,yo,Àwọn ẹranko igbó ń gbé ní igbó.,,Wikipedia/presse locale,7,,,8.0,,,Les animaux sauvages vivent dans la forêt.
N026_yo,B_natural,yo,Ìjọba ń kó owó sí ẹ̀kọ́ àwọn ọmọ.,,Wikipedia/presse locale,8,,,9.0,,,Le gouvernement investit dans l'éducation des enfants.
N027_yo,B_natural,yo,Ẹja jẹ oúnjẹ pàtàkì ní Nàìjíríà.,,Wikipedia/presse locale,6,,,8.0,,,Le poisson est un aliment important au Nigeria.
N028_yo,B_natural,yo,Àwọn obìnrin ń ṣe ọjà ní ọjà.,,Wikipedia/presse locale,7,,,8.0,,,Les femmes vendent au marché.
N029_yo,B_natural,yo,Ọ̀nà tuntun yóò ṣe ìrọrùn ìrìnnà.,,Wikipedia/presse locale,6,,,8.0,,,Une nouvelle route facilitera les déplacements.
N030_yo,B_natural,yo,Àwọn ọmọ ilé-ẹ̀kọ́ gíga ń ṣe ìwádìí.,,Wikipedia/presse locale,7,,,10.0,,,Les étudiants du supérieur font des recherches.
N031_yo,B_natural,yo,Ìṣẹ́ ọwọ́ jẹ ọ̀nà ìpamọ́ àṣà.,,Wikipedia/presse locale,6,,,8.0,,,L'artisanat est une façon de préserver la culture.
N032_yo,B_natural,yo,Ó pọ̀ tó ẹni tó ń gbé ní ìlú.,,Wikipedia/presse locale,9,,,8.0,,,Beaucoup de gens vivent en ville.
N033_yo,B_natural,yo,Àwọn àgbẹ̀ ń lo àwọn irinṣẹ́ tuntun.,,Wikipedia/presse locale,7,,,9.0,,,Les agriculteurs utilisent de nouveaux outils.
N034_yo,B_natural,yo,Ètò ìlera ṣe pàtàkì fún gbogbo ènìyàn.,,Wikipedia/presse locale,7,,,9.0,,,Le système de santé est important pour tout le monde.
N035_yo,B_natural,yo,Omi ọjẹ ń wà ní ọ̀pọ̀ àgbègbè.,,Wikipedia/presse locale,7,,,8.0,,,L'eau potable est disponible dans de nombreuses zones.
N036_yo,B_natural,yo,Àwọn ọmọ ń ṣeré lẹ́yìn ilé-ẹ̀kọ́.,,Wikipedia/presse locale,6,,,8.0,,,Les enfants jouent après l'école.
N037_yo,B_natural,yo,Iṣẹ́ àgbẹ̀ ń ṣàánú fún àyíká.,,Wikipedia/presse locale,6,,,8.0,,,L'agriculture respecte l'environnement.
N038_yo,B_natural,yo,Ìmọ̀ sáyẹ́ǹsì ń gbé ènìyàn lọ.,,Wikipedia/presse locale,6,,,8.0,,,La science fait progresser les gens.
N039_yo,B_natural,yo,"Ní Nàìjíríà, ọ̀pọ̀ ède ni wọ́n ń sọ.",,Wikipedia/presse locale,8,,,8.0,,,"Au Nigeria, on parle de nombreuses langues."
N040_yo,B_natural,yo,Àwọn ọmọdé ń kọ́ ẹ̀kọ́ Yorùbá.,,Wikipedia/presse locale,6,,,8.0,,,Les enfants apprennent la langue yoruba.
N041_yo,B_natural,yo,Àwọn tó ń gbé ní àgbègbè ìdílé ń ṣe àgbẹ̀.,,Wikipedia/presse locale,10,,,9.0,,,Ceux qui vivent en zone rurale font de l'agriculture.
N042_yo,B_natural,yo,Orin ìbílẹ̀ dúró ṣinṣin ní Yorùbálànd.,,Wikipedia/presse locale,6,,,8.0,,,La musique traditionnelle reste forte au Yorubaland.
N043_yo,B_natural,yo,Àwọn ẹ̀yà ọ̀tọ̀ọ̀tọ̀ gbé papọ̀ ní alaafia.,,Wikipedia/presse locale,7,,,9.0,,,Différents groupes ethniques vivent ensemble en paix.
N044_yo,B_natural,yo,Ìmọ̀ ẹ̀rọ tuntun ń wọ àwọn àgbègbè ìdílé.,,Wikipedia/presse locale,8,,,8.0,,,Les nouvelles technologies atteignent les zones rurales.
N045_yo,B_natural,yo,Àwọn ọmọdé ní ẹ̀tọ́ sí oúnjẹ tó mọ́.,,Wikipedia/presse locale,8,,,8.0,,,Les enfants ont droit à une nourriture propre.
N046_yo,B_natural,yo,Omi tí a ń mu gbọdọ̀ mọ́.,,Wikipedia/presse locale,7,,,7.0,,,L'eau qu'on boit doit être propre.
N047_yo,B_natural,yo,Àwọn ọmọ ní ẹ̀tọ́ sí ìlera.,,Wikipedia/presse locale,6,,,7.0,,,Les enfants ont droit à la santé.
N048_yo,B_natural,yo,Ìlú Àbéòkúta ní ìtàn gígùn.,,Wikipedia/presse locale,5,,,9.0,,,La ville d'Abeokuta a une longue histoire.
N049_yo,B_natural,yo,Àwọn ọdọ́ ń ṣe àwọn àdánwò.,,Wikipedia/presse locale,6,,,8.0,,,Les jeunes passent des examens.
N050_yo,B_natural,yo,"Ní Yorùbálànd, ọjà jẹ pàtàkì.",,Wikipedia/presse locale,5,,,7.0,,,"Au Yorubaland, le marché est important."
N001_sw,B_natural,sw,Tanzania ni nchi kubwa katika Afrika Mashariki.,,Wikipedia/presse locale,7,,,9.0,,,La Tanzanie est un grand pays en Afrique de l'Est.
N002_sw,B_natural,sw,Kilimanjaro ni mlima mrefu zaidi barani Afrika.,,Wikipedia/presse locale,7,,,9.0,,,Le Kilimandjaro est la plus haute montagne d'Afrique.
N003_sw,B_natural,sw,Watu wengi wanaishi mijini kuliko vijijini.,,Wikipedia/presse locale,6,,,10.0,,,Beaucoup de gens vivent en ville plutôt qu'à la campagne.
N004_sw,B_natural,sw,Elimu ni muhimu kwa maendeleo ya taifa.,,Wikipedia/presse locale,7,,,10.0,,,L'éducation est importante pour le développement de la nation.
N005_sw,B_natural,sw,Wakulima wanalima nafaka katika kipindi cha masika.,,Wikipedia/presse locale,7,,,9.0,,,Les agriculteurs cultivent des céréales pendant la saison des pluies.
N006_sw,B_natural,sw,Dawa za asili zinatumika katika maeneo ya vijijini.,,Wikipedia/presse locale,8,,,8.0,,,Les médicaments naturels sont utilisés dans les zones rurales.
N007_sw,B_natural,sw,Watoto wanaenda shuleni kila siku asubuhi.,,Wikipedia/presse locale,6,,,9.0,,,Les enfants vont à l'école tous les jours le matin.
N008_sw,B_natural,sw,Serikali inajengea barabara mpya kwa msaada wa nje.,,Wikipedia/presse locale,8,,,10.0,,,Le gouvernement construit de nouvelles routes avec une aide extérieure.
N009_sw,B_natural,sw,Wanawake wanafanya kazi katika sekta nyingi.,,Wikipedia/presse locale,6,,,10.0,,,Les femmes travaillent dans de nombreux secteurs.
N010_sw,B_natural,sw,Uvuvi ni chanzo kikuu cha mapato pwani.,,Wikipedia/presse locale,7,,,8.0,,,La pêche est la principale source de revenus en zone côtière.
N011_sw,B_natural,sw,Lugha ya Kiswahili inasemwa na watu wengi Afrika.,,Wikipedia/presse locale,8,,,9.0,,,La langue swahili est parlée par beaucoup de gens en Afrique.
N012_sw,B_natural,sw,Mazingira yanachafuka kutokana na shughuli za binadamu.,,Wikipedia/presse locale,7,,,10.0,,,L'environnement se dégrade à cause des activités humaines.
N013_sw,B_natural,sw,Teknolojia ya simu imebadilisha mawasiliano.,,Wikipedia/presse locale,5,,,10.0,,,La technologie du téléphone a changé la communication.
N014_sw,B_natural,sw,Mashamba ya chai yanajaza milima ya Kenya.,,Wikipedia/presse locale,7,,,8.0,,,Les plantations de thé couvrent les collines du Kenya.
N015_sw,B_natural,sw,Hospitali mpya inajengwa katikati ya mji.,,Wikipedia/presse locale,6,,,10.0,,,Un nouvel hôpital est construit au centre-ville.
N016_sw,B_natural,sw,Watoto wengi wanasoma vitabu shuleni.,,Wikipedia/presse locale,5,,,8.0,,,Beaucoup d'enfants lisent des livres à l'école.
N017_sw,B_natural,sw,Mvua ya masika inanyesha mwezi wa tatu.,,Wikipedia/presse locale,7,,,8.0,,,La pluie de la grande saison tombe au troisième mois.
N018_sw,B_natural,sw,Biashara ndogo ndogo zinachangia uchumi.,,Wikipedia/presse locale,5,,,8.0,,,Les petites entreprises contribuent à l'économie.
N019_sw,B_natural,sw,Watu wanaishi kwa amani katika vijiji.,,Wikipedia/presse locale,6,,,8.0,,,Les gens vivent en paix dans les villages.
N020_sw,B_natural,sw,Ng'ombe wanachungwa na watoto wa kiume.,,Wikipedia/presse locale,6,,,8.0,,,Les bovins sont gardés par les jeunes hommes.
N021_sw,B_natural,sw,Samaki wengi wanapatikana mtoni.,,Wikipedia/presse locale,4,,,8.0,,,Beaucoup de poissons se trouvent dans la rivière.
N022_sw,B_natural,sw,Miji inakua haraka kutokana na ukuaji wa uchumi.,,Wikipedia/presse locale,8,,,8.0,,,Les villes grandissent vite à cause de la croissance économique.
N023_sw,B_natural,sw,Wanafunzi wanafanya mitihani mwezi wa kumi na moja.,,Wikipedia/presse locale,8,,,7.0,,,Les étudiants passent leurs examens au onzième mois.
N024_sw,B_natural,sw,Chakula cha asili ni kizuri kwa afya.,,Wikipedia/presse locale,7,,,8.0,,,La nourriture traditionnelle est bonne pour la santé.
N025_sw,B_natural,sw,Mzee anasimamia shughuli za kijiji.,,Wikipedia/presse locale,5,,,8.0,,,L'ancien surveille les activités du village.
N026_sw,B_natural,sw,Msitu unalindwa na serikali ya wilaya.,,Wikipedia/presse locale,6,,,8.0,,,La forêt est protégée par le gouvernement du district.
N027_sw,B_natural,sw,Watu wanashirikiana katika kazi za jamii.,,Wikipedia/presse locale,6,,,8.0,,,Les gens coopèrent dans les travaux communautaires.
N028_sw,B_natural,sw,Watoto wanacheza nyumbani baada ya shule.,,Wikipedia/presse locale,6,,,8.0,,,Les enfants jouent à la maison après l'école.
N029_sw,B_natural,sw,Wafanyakazi wanafanya kazi kwa bidii sana.,,Wikipedia/presse locale,6,,,8.0,,,Les travailleurs travaillent très dur.
N030_sw,B_natural,sw,Mvua kidogo imenyesha usiku wa jana.,,Wikipedia/presse locale,6,,,8.0,,,Une petite pluie a pleu la nuit dernière.
N031_sw,B_natural,sw,Duka la madawa lipo karibu na nyumbani.,,Wikipedia/presse locale,7,,,8.0,,,La pharmacie est près de chez nous.
N032_sw,B_natural,sw,Wanafunzi wanaandika insha kwa Kiswahili.,,Wikipedia/presse locale,5,,,8.0,,,Les étudiants écrivent des essais en swahili.
N033_sw,B_natural,sw,Mto Nile ni mto mrefu zaidi duniani.,,Wikipedia/presse locale,7,,,7.0,,,Le Nil est le fleuve le plus long du monde.
N034_sw,B_natural,sw,Mkulima anafanya kazi shambani asubuhi.,,Wikipedia/presse locale,5,,,8.0,,,L'agriculteur travaille aux champs le matin.
N035_sw,B_natural,sw,Hospitali inahitaji madaktari zaidi.,,Wikipedia/presse locale,4,,,8.0,,,L'hôpital a besoin de plus de médecins.
N036_sw,B_natural,sw,Watoto wanaimba nyimbo za shule.,,Wikipedia/presse locale,5,,,7.0,,,Les enfants chantent des chansons d'école.
N037_sw,B_natural,sw,Gari la abiria linasafiri kati ya miji.,,Wikipedia/presse locale,7,,,8.0,,,Le bus de passagers voyage entre les villes.
N038_sw,B_natural,sw,Mazao yanauzwa sokoni kila wiki.,,Wikipedia/presse locale,5,,,8.0,,,Les récoltes sont vendues au marché chaque semaine.
N039_sw,B_natural,sw,Watu wanakusanyika kanisani Jumapili.,,Wikipedia/presse locale,4,,,8.0,,,Les gens se réunissent à l'église le dimanche.
N040_sw,B_natural,sw,Chakula kinapiikwa jioni kila siku.,,Wikipedia/presse locale,5,,,8.0,,,La nourriture est préparée le soir chaque jour.
N041_sw,B_natural,sw,Mwalimu anafundisha darasa la tatu.,,Wikipedia/presse locale,5,,,8.0,,,L'enseignant enseigne la troisième classe.
N042_sw,B_natural,sw,Vijiji vya pwani vina uvuvi mzuri.,,Wikipedia/presse locale,6,,,8.0,,,Les villages côtiers ont une bonne pêche.
N043_sw,B_natural,sw,Joto la kiangazi linasumbua watu.,,Wikipedia/presse locale,5,,,8.0,,,La chaleur de la saison sèche dérange les gens.
N044_sw,B_natural,sw,Mbu wanasambaza ugonjwa wa malaria.,,Wikipedia/presse locale,5,,,8.0,,,Les moustiques propagent la maladie du paludisme.
N045_sw,B_natural,sw,Watu wanakunywa chai asubuhi.,,Wikipedia/presse locale,4,,,8.0,,,Les gens boivent du thé le matin.
N046_sw,B_natural,sw,Watoto wanajifunza hisabati shuleni.,,Wikipedia/presse locale,4,,,7.0,,,Les enfants apprennent les mathématiques à l'école.
N047_sw,B_natural,sw,Serikali inatoa msaada kwa maskini.,,Wikipedia/presse locale,5,,,8.0,,,Le gouvernement aide les pauvres.
N048_sw,B_natural,sw,Ndege wanaimba mapema asubuhi.,,Wikipedia/presse locale,4,,,8.0,,,Les oiseaux chantent tôt le matin.
N049_sw,B_natural,sw,Wenyeji wanaishi kwa furaha.,,Wikipedia/presse locale,4,,,8.0,,,Les habitants vivent avec joie.
N050_sw,B_natural,sw,Mto una maji mengi wakati wa masika.,,Wikipedia/presse locale,7,,,8.0,,,La rivière a beaucoup d'eau pendant la saison des pluies.
N001_fon,B_natural,fon,Bɛ̌nɛ̌ wɛ nyí tò ɖokpo ɖò Togo kpo Nàìjíríà kpo tɛntin.,,Wikipedia/presse locale,11,,,10.0,,,Le Bénin est un pays situé entre le Togo et le Nigeria.
N002_fon,B_natural,fon,Cotonou wɛ nyí xá tɔ̀ ɖaxó ɖò Bɛ̌nɛ̌.,,Wikipedia/presse locale,8,,,10.0,,,Cotonou est la grande ville commerciale du Bénin.
N003_fon,B_natural,fon,Hwɛzɔ nɔ gbɔn tawun ɖò Bɛ̌nɛ̌.,,Wikipedia/presse locale,6,,,9.0,,,La chaleur est très forte au Bénin.
N004_fon,B_natural,fon,Vǐ lɛ nɔ yì suklu zǎn gbɛ̀ gbɛ̀.,,Wikipedia/presse locale,8,,,9.0,,,Les enfants vont à l'école tous les jours.
N005_fon,B_natural,fon,Nǔɖuɖu e mɛ nɔ ɖu ɖò Bɛ̌nɛ̌ ɔ ɖó taji.,,Wikipedia/presse locale,10,,,8.0,,,La nourriture que les gens mangent au Bénin est importante.
N006_fon,B_natural,fon,Mɛ lɛ nɔ wà azɔ dó nukún wɛ ɖò zɔ.,,Wikipedia/presse locale,10,,,8.0,,,Les gens travaillent dur dans les champs.
N007_fon,B_natural,fon,Tò ɔ ɖó hudo nǔnywɛxɔ yɔyɔ̌.,,Wikipedia/presse locale,6,,,9.0,,,Le pays a besoin de nouvelles technologies.
N008_fon,B_natural,fon,Vǐ lɛ ɖó nǔkplɔnkplɔn sí bǐ mlɛ̌mlɛ̌.,,Wikipedia/presse locale,7,,,8.0,,,Tous les enfants ont droit à l'éducation.
N009_fon,B_natural,fon,Mɛ e nɔ xò fífá nɔ ɖu gbɛ̀ ɖagbe.,,Wikipedia/presse locale,9,,,9.0,,,Celui qui vit en paix vit bien.
N010_fon,B_natural,fon,Ayikúngban ɔ ɖó na gbí ɖó mǐ.,,Wikipedia/presse locale,7,,,8.0,,,L'environnement doit être protégé pour nous.
N011_fon,B_natural,fon,Fon gbè wɛ mɛ gègě nɔ ɖɔ ɖò Bɛ̌nɛ̌.,,Wikipedia/presse locale,9,,,8.0,,,Le fon est la langue que beaucoup parlent au Bénin.
N012_fon,B_natural,fon,Azɔwanú ɔ ɖó na gblá kaka.,,Wikipedia/presse locale,6,,,8.0,,,L'outil de travail doit être solide.
N013_fon,B_natural,fon,Hɛn sín ɖɔxo nɔ d'alɔ tò ɔ.,,Wikipedia/presse locale,7,,,8.0,,,La source naturelle aide le pays.
N014_fon,B_natural,fon,Mɛxomɛxo lɛ nɔ lɛ́ mɛjitɔ lɛ.,,Wikipedia/presse locale,6,,,8.0,,,Les aînés guident les jeunes.
N015_fon,B_natural,fon,Gbɛ̀ nɔ cí ɖagbe nú mɛ e nɔ wà azɔ.,,Wikipedia/presse locale,10,,,8.0,,,La vie est bonne pour celui qui travaille.
N016_fon,B_natural,fon,Vǐ lɛ nɔ xò xò ɖò zɔ mɛ có.,,Wikipedia/presse locale,9,,,8.0,,,Les enfants jouent dans les rues.
N017_fon,B_natural,fon,Nǔnywɛxɔ wɛ nyí hɛn taji ɖò gbɛ̀ yɔyɔ̌.,,Wikipedia/presse locale,8,,,8.0,,,La technologie est importante dans la vie moderne.
N018_fon,B_natural,fon,Mɛ lɛ nɔ kplɔ́n gbè nú vǐ yetɔn lɛ.,,Wikipedia/presse locale,9,,,8.0,,,Les gens enseignent la langue à leurs enfants.
N019_fon,B_natural,fon,Suklu lɛ ɖó hudo mɛkplɔnkplɔn gègě.,,Wikipedia/presse locale,6,,,8.0,,,Les écoles ont besoin de beaucoup d'enseignants.
N020_fon,B_natural,fon,Azɔ nyanya ɔ ɖó na wá ɖò tò ɔ.,,Wikipedia/presse locale,9,,,7.0,,,Du bon travail doit venir dans le pays.
N021_fon,B_natural,fon,Mɛ e nyí nukúnwíyazan ɖò tò ɔ nɔ d'alɔ gbɛ̀.,,Wikipedia/presse locale,10,,,8.0,,,Celui qui est visionnaire dans le pays aide la vie.
N022_fon,B_natural,fon,Nǔɖuɖu ee mɔ nú mɛ ɔ ɖó na nyanya.,,Wikipedia/presse locale,9,,,8.0,,,La nourriture accessible doit être bonne.
N023_fon,B_natural,fon,Vǐ lɛ ɖó na mɔ nǔ e sín hudo ɖè.,,Wikipedia/presse locale,10,,,8.0,,,Les enfants doivent obtenir ce dont ils ont besoin.
N024_fon,B_natural,fon,Buntɔ gbɛ̀ lɛ ɖó na ɖò tò ɔ mɛ.,,Wikipedia/presse locale,9,,,8.0,,,Les sources de vie doivent être dans le pays.
N025_fon,B_natural,fon,Mɛ lɛ nɔ kplɔ́n nǔ nú mɛxomɛxo lɛ.,,Wikipedia/presse locale,8,,,7.0,,,Les gens enseignent des choses aux anciens.
N026_fon,B_natural,fon,Tò ɔ ɖó na nyɔ́ nú mɛ e nɔ ɖu gbɛ̀.,,Wikipedia/presse locale,11,,,7.0,,,Le pays doit être bon pour celui qui y vit.
N027_fon,B_natural,fon,Gbè e mɛ nɔ ɖɔ ɖò tò ɔ mɛ nɔ lɛ́.,,Wikipedia/presse locale,11,,,8.0,,,La langue parlée dans le pays reste.
N028_fon,B_natural,fon,Nǔnywɛxɔ wɛ nyí taji ɖò gbɛ̀ sín azɔ mɛ.,,Wikipedia/presse locale,9,,,8.0,,,La technologie est importante dans le travail de vie.
N029_fon,B_natural,fon,Mɛ e nɔ sɔ́ alɔ dó wà azɔ nɔ mɔ nǔ.,,Wikipedia/presse locale,11,,,8.0,,,Celui qui prend la main pour faire un travail obtient des choses.
N030_fon,B_natural,fon,Vǐ lɛ nɔ mɔ nǔ e sín hudo ɖè ɖò suklu.,,Wikipedia/presse locale,11,,,7.0,,,Les enfants obtiennent ce dont ils ont besoin à l'école.
N031_fon,B_natural,fon,Tò ɔ ɖó na ɖó fífá kaka.,,Wikipedia/presse locale,7,,,8.0,,,Le pays doit rester en paix.
N032_fon,B_natural,fon,Mɛ gègě nɔ ɖu gbɛ̀ ɖò tò ɔ.,,Wikipedia/presse locale,8,,,8.0,,,Beaucoup de gens vivent dans ce pays.
N033_fon,B_natural,fon,Nǔnywɛxɔ wɛ nyí hɛn nú mɛ lɛ bǐ.,,Wikipedia/presse locale,8,,,8.0,,,La technologie est importante pour tout le monde.
N034_fon,B_natural,fon,Azɔwanú lɛ nɔ sɛ́dó tò ɔ.,,Wikipedia/presse locale,6,,,8.0,,,Les outils de travail doivent être bons.
N035_fon,B_natural,fon,Gbɛ̀ ɖagbe ɔ ɖò nukún mɛ.,,Wikipedia/presse locale,6,,,8.0,,,La belle vie est devant nous.
N036_fon,B_natural,fon,Mɛ e nɔ kplɔ́n gbè nɔ mɔ azɔ.,,Wikipedia/presse locale,8,,,8.0,,,Celui qui apprend une langue trouve du travail.
N037_fon,B_natural,fon,Vǐ lɛ ɖó na ɖu gbɛ̀ ɖagbe.,,Wikipedia/presse locale,7,,,8.0,,,Les enfants doivent vivre bien.
N038_fon,B_natural,fon,Tò ɔ nɔ wá ɖò nukɔn.,,Wikipedia/presse locale,6,,,8.0,,,Le pays avance.
N039_fon,B_natural,fon,Nǔnywɛxɔ yɔyɔ̌ lɛ nɔ cí nǔ.,,Wikipedia/presse locale,6,,,8.0,,,Les nouvelles technologies changent les choses.
N040_fon,B_natural,fon,Mɛ lɛ nɔ sɔ́ alɔ dó gbɛ̀.,,Wikipedia/presse locale,7,,,7.0,,,Les gens prennent leurs mains pour vivre.
N041_fon,B_natural,fon,Fon gbè nɔ kplɔ́n ɖò suklu.,,Wikipedia/presse locale,6,,,8.0,,,Le fon s'enseigne à l'école.
N042_fon,B_natural,fon,Azɔ taji ɔ wɛ nyí dokunsinsɛn.,,Wikipedia/presse locale,6,,,8.0,,,Le travail principal est l'agriculture.
N043_fon,B_natural,fon,Vǐ lɛ nɔ ɖu nǔ e nyanya.,,Wikipedia/presse locale,7,,,8.0,,,Les enfants mangent ce qui est bon.
N044_fon,B_natural,fon,Tò ɔ ɖó na ɖò fífá mɛ.,,Wikipedia/presse locale,7,,,8.0,,,Le pays doit être en paix.
N045_fon,B_natural,fon,Mɛ e nɔ wà azɔ nyanya nɔ mɔ nǔ.,,Wikipedia/presse locale,9,,,8.0,,,Celui qui fait un bon travail obtient des choses.
N046_fon,B_natural,fon,Nǔnywɛxɔ wɛ ɖó na sɛ́dó mɛ lɛ bǐ.,,Wikipedia/presse locale,8,,,7.0,,,La technologie doit atteindre tout le monde.
N047_fon,B_natural,fon,Gbɛ̀ ɖagbe ɔ ɖò nukún mǐ tɔn.,,Wikipedia/presse locale,7,,,8.0,,,La belle vie est devant nous.
N048_fon,B_natural,fon,Azɔwanú lɛ ɖó na nyanya.,,Wikipedia/presse locale,5,,,8.0,,,Les outils de travail doivent être bons.
N049_fon,B_natural,fon,Vǐ lɛ nɔ mɔ nǔ e sín hudo.,,Wikipedia/presse locale,8,,,8.0,,,Les enfants obtiennent ce dont ils ont besoin.
N050_fon,B_natural,fon,Tò ɔ nɔ gbigbɔ gbɔn.,,Wikipedia/presse locale,5,,,7.0,,,Le pays avance dans le développement.
N051_fon,B_natural,fon,Mɛ lɛ nɔ ɖu gbɛ̀ kplé.,,Wikipedia/presse locale,6,,,6.0,,,Le soleil brille fort au Bénin.
N001_fr,B_natural,fr,La France est un pays situé en Europe occidentale.,,Wikipedia/presse française,9,,,12.0,,,
N002_fr,B_natural,fr,Paris est la capitale et la plus grande ville du pays.,,Wikipedia/presse française,11,,,12.0,,,
N003_fr,B_natural,fr,La gastronomie française est reconnue dans le monde entier.,,Wikipedia/presse française,9,,,13.0,,,
N004_fr,B_natural,fr,Les enfants apprennent à lire et à écrire dès l'âge de six ans.,,Wikipedia/presse française,13,,,15.0,,,
N005_fr,B_natural,fr,Le système de santé français est considéré parmi les meilleurs.,,Wikipedia/presse française,10,,,14.0,,,
N006_fr,B_natural,fr,Les transports en commun permettent de se déplacer facilement.,,Wikipedia/presse française,9,,,13.0,,,
N007_fr,B_natural,fr,La culture française influence de nombreux pays.,,Wikipedia/presse française,7,,,11.0,,,
N008_fr,B_natural,fr,Les agriculteurs produisent des céréales dans les grandes plaines.,,Wikipedia/presse française,9,,,12.0,,,
N009_fr,B_natural,fr,L'industrie automobile française emploie des milliers de personnes.,,Wikipedia/presse française,8,,,14.0,,,
N010_fr,B_natural,fr,Les musées parisiens attirent des millions de visiteurs chaque année.,,Wikipedia/presse française,10,,,13.0,,,
N011_fr,B_natural,fr,La langue française est parlée sur plusieurs continents.,,Wikipedia/presse française,8,,,11.0,,,
N012_fr,B_natural,fr,Les étudiants préparent leurs examens avec sérieux.,,Wikipedia/presse française,7,,,14.0,,,
N013_fr,B_natural,fr,Le changement climatique affecte l'agriculture française.,,Wikipedia/presse française,6,,,13.0,,,
N014_fr,B_natural,fr,Les nouvelles technologies transforment le monde du travail.,,Wikipedia/presse française,8,,,12.0,,,
N015_fr,B_natural,fr,Les femmes occupent de plus en plus de postes importants.,,Wikipedia/presse française,10,,,13.0,,,
N016_fr,B_natural,fr,L'économie française est la septième mondiale.,,Wikipedia/presse française,6,,,11.0,,,
N017_fr,B_natural,fr,Les traditions culinaires varient selon les régions.,,Wikipedia/presse française,7,,,11.0,,,
N018_fr,B_natural,fr,Les bibliothèques offrent un accès gratuit aux livres.,,Wikipedia/presse française,8,,,12.0,,,
N019_fr,B_natural,fr,Les jeunes utilisent les réseaux sociaux quotidiennement.,,Wikipedia/presse française,7,,,12.0,,,
N020_fr,B_natural,fr,La recherche scientifique bénéficie de financements publics.,,Wikipedia/presse française,7,,,12.0,,,
N021_fr,B_natural,fr,Les marchés locaux proposent des produits frais.,,Wikipedia/presse française,7,,,10.0,,,
N022_fr,B_natural,fr,L'enseignement public est gratuit et obligatoire.,,Wikipedia/presse française,6,,,11.0,,,
N023_fr,B_natural,fr,Les parcs naturels protègent la biodiversité.,,Wikipedia/presse française,6,,,11.0,,,
N024_fr,B_natural,fr,Les médecins travaillent dans des conditions difficiles.,,Wikipedia/presse française,7,,,11.0,,,
N025_fr,B_natural,fr,La solidarité nationale se manifeste lors des crises.,,Wikipedia/presse française,8,,,11.0,,,
N026_fr,B_natural,fr,Les artistes créent des œuvres dans divers domaines.,,Wikipedia/presse française,8,,,12.0,,,
N027_fr,B_natural,fr,Les routes nationales relient les grandes villes.,,Wikipedia/presse française,7,,,11.0,,,
N028_fr,B_natural,fr,La météo influence les activités quotidiennes.,,Wikipedia/presse française,6,,,11.0,,,
N029_fr,B_natural,fr,Les retraités bénéficient d'une pension mensuelle.,,Wikipedia/presse française,6,,,12.0,,,
N030_fr,B_natural,fr,Les associations jouent un rôle dans la vie locale.,,Wikipedia/presse française,9,,,12.0,,,
N031_fr,B_natural,fr,L'eau potable est accessible dans tout le pays.,,Wikipedia/presse française,8,,,11.0,,,
N032_fr,B_natural,fr,Les journaux informent les citoyens chaque matin.,,Wikipedia/presse française,7,,,12.0,,,
N033_fr,B_natural,fr,Les universités forment les professionnels de demain.,,Wikipedia/presse française,7,,,11.0,,,
N034_fr,B_natural,fr,La protection sociale couvre les risques majeurs.,,Wikipedia/presse française,7,,,12.0,,,
N035_fr,B_natural,fr,Les sportifs s'entraînent plusieurs heures par jour.,,Wikipedia/presse française,7,,,12.0,,,
N036_fr,B_natural,fr,Les monuments historiques témoignent du passé.,,Wikipedia/presse française,6,,,11.0,,,
N037_fr,B_natural,fr,La sécurité alimentaire est garantie pour la plupart.,,Wikipedia/presse française,8,,,11.0,,,
N038_fr,B_natural,fr,Les villages accueillent des festivités locales.,,Wikipedia/presse française,6,,,11.0,,,
N039_fr,B_natural,fr,Les enfants jouent dans les parcs publics.,,Wikipedia/presse française,7,,,10.0,,,
N040_fr,B_natural,fr,Les coopératives agricoles soutiennent les paysans.,,Wikipedia/presse française,6,,,12.0,,,
N041_fr,B_natural,fr,La télévision informe et divertit les familles.,,Wikipedia/presse française,7,,,11.0,,,
N042_fr,B_natural,fr,Les médias numériques transforment l'information.,,Wikipedia/presse française,5,,,12.0,,,
N043_fr,B_natural,fr,Les bénévoles aident les personnes vulnérables.,,Wikipedia/presse française,6,,,11.0,,,
N044_fr,B_natural,fr,Les entrepreneurs créent des emplois dans les régions.,,Wikipedia/presse française,8,,,12.0,,,
N045_fr,B_natural,fr,La formation professionnelle aide les demandeurs d'emploi.,,Wikipedia/presse française,7,,,12.0,,,
N046_fr,B_natural,fr,Les communes gèrent les services de proximité.,,Wikipedia/presse française,7,,,12.0,,,
N047_fr,B_natural,fr,Les coûts de l'énergie augmentent chaque année.,,Wikipedia/presse française,7,,,12.0,,,
N048_fr,B_natural,fr,Les citoyens participent aux élections municipales.,,Wikipedia/presse française,6,,,12.0,,,
N049_fr,B_natural,fr,Les hôpitaux accueillent les urgences vingt-quatre heures.,,Wikipedia/presse française,7,,,13.0,,,
N050_fr,B_natural,fr,Les enseignants accompagnent les élèves dans leur apprentissage.,,Wikipedia/presse française,8,,,14.0,,,
D001_wo,C_difficult,wo,Bëgg na ko te jàmm ak mbokk yi.,,Création manuelle,8,"gémination: bëgg, jàmm",,8.0,Bëgg na ko te jàmm ak mbokk yi,8.0,Il veut la paix et les membres de la famille.
D002_wo,C_difficult,wo,Sëkk na lu bëgg ci dëkk bi.,,Création manuelle,7,"gémination: sëkk, bëgg, dëkk",,7.0,Sëkk na lu bëgg ci dëkk bi,7.0,Il sait ce qu'il veut dans le village.
D003_wo,C_difficult,wo,Jënn bi dafa jàmm ci kër gi.,,Création manuelle,7,gémination: jàmm,,7.0,Jënn bi dafa jàmm ci kër gi,7.0,La chose dort et il y a la paix dans la maison.
D004_wo,C_difficult,wo,Bëgg ak jàmm mooy nit ki bëgg a yor.,,Création manuelle,9,gémination multiple,,9.0,Bëgg ak jàmm mooy nit ki bëgg a yor,9.0,"Vouloir et la paix, c'est ce que l'homme veut avoir."
D005_wo,C_difficult,wo,Dëkk bi dafa sëkk woon ci yàgg.,,Création manuelle,7,"gémination: dëkk, sëkk, yàgg",,7.0,Dëkk bi dafa sëkk woon ci yàgg,7.0,Le village est solide depuis longtemps.
D006_wo,C_difficult,wo,Jëfandikoo na ordinateer bi ci jëf bi.,,Création manuelle,7,emprunt: ordinateer,,8.0,Jëf|andi|koo na ordina|teer bi ci jëf bi,10.0,Il utilise l'ordinateur pour la tâche.
D007_wo,C_difficult,wo,Hospitaal bi dafa am doxalin yi.,,Création manuelle,6,emprunt: hospitaal,,6.0,Hospi|taal bi dafa am doxa|lin yi,8.0,L'hôpital a des médicaments.
D008_wo,C_difficult,wo,Téléfoon bi dafa fatt ci kër gi.,,Création manuelle,7,emprunt: téléfoon,,7.0,Télé|foon bi dafa fatt ci kër gi,8.0,Le téléphone tombe dans la maison.
D009_wo,C_difficult,wo,Gari bi dem na ci garason bi.,,Création manuelle,7,emprunt: garason,,7.0,Gari bi dem na ci gara|son bi,8.0,La voiture est allée à la gare.
D010_wo,C_difficult,wo,Banke bi jox na ko xalis mi.,,Création manuelle,7,emprunt: banke,,7.0,Banke bi jox na ko xalis mi,7.0,La banque lui a donné de l'argent.
D011_wo,C_difficult,wo,Kër gi am na nit yi ak xale yi.,,Création manuelle,9,"classificateurs: gi, yi",,9.0,Kër gi am na nit yi ak xale yi,9.0,La maison a des gens et des enfants.
D012_wo,C_difficult,wo,Géej gi dafa am jën yi ak mbëkk yi.,,Création manuelle,9,classificateurs multiples,,9.0,Géej gi dafa am jën yi ak mbëkk yi,9.0,La mer a des poissons et des baleines.
D013_wo,C_difficult,wo,Dëkk bi am na yoon yi ak kër yi.,,Création manuelle,9,"classificateurs: bi, yi",,9.0,Dëkk bi am na yoon yi ak kër yi,9.0,Le village a des routes et des maisons.
D014_wo,C_difficult,wo,Suuf bi dafa am sukkër bi ak ceeb bi.,,Création manuelle,9,classificateurs concordants,,9.0,Suuf bi dafa am sukkër bi ak ceeb bi,9.0,Le sol a du sucre et du riz.
D015_wo,C_difficult,wo,Wetu wi dafa wéy ci suba si.,,Création manuelle,7,"classificateurs: wi, si",,7.0,Wetu wi dafa wéy ci suba si,7.0,Le bateau est léger le matin.
D016_wo,C_difficult,wo,Ndaxamaaloo yi dañuy liggéey bu dëgëër ci dëkk bi.,,Création manuelle,9,agglutination modérée,,11.0,Ndaxamaaloo yi dañuy liggéey bu dëgëër ci dëkk bi,9.0,Les paysans travaillent dur dans le village.
D017_wo,C_difficult,wo,Jëfandikoo na xam-xam bi ngir dëkk bi dëkk.,,Création manuelle,8,redoublement: xam-xam,,9.0,Jëf|andi|koo na xam-xam bi ngir dëkk bi dëkk,10.0,Il utilise la connaissance pour que le village vive.
D018_wo,C_difficult,wo,Sëriñ bi wax na mu dem ci kanam.,,Création manuelle,8,structure verbale,,8.0,Sëriñ bi wax na mu dem ci kanam,8.0,Le marabout dit qu'il doit aller en avant.
D019_wo,C_difficult,wo,Xale yi dañuy jàng ci ëllëg bi nekk.,,Création manuelle,8,syntagme temporel,,9.0,Xale yi dañuy jàng ci ëllëg bi nekk,8.0,Les enfants étudient le lendemain.
D020_wo,C_difficult,wo,Jigéen yi dañuy liggéey ci biir dëkk bi.,,Création manuelle,8,structure complexe,,10.0,Jigéen yi dañuy liggéey ci biir dëkk bi,8.0,Les femmes travaillent dans le village.
D001_yo,C_difficult,yo,Àgbàdo ọ̀dọ̀ ni a gbádùn jùlọ.,,Création manuelle,6,"diacritiques: à, ọ̀, ò",,9.0,Àgbàdo ọ̀|dọ̀ ni a gbádùn jùlọ,7.0,Le maïs frais est le plus apprécié.
D002_yo,C_difficult,yo,Ọmọ náà ń kọ́ ẹ̀kọ́ ní ilé-ẹ̀kọ́.,,Création manuelle,7,"diacritiques: ọ, ẹ̀",,10.0,Ọmọ náà ń kọ́ ẹ̀|kọ́ ní ilé-ẹ̀|kọ́,9.0,L'enfant apprend à l'école.
D003_yo,C_difficult,yo,Ẹja ọ̀sán ni wọ́n jẹ níbẹ̀.,,Création manuelle,6,"diacritiques: ẹ, ọ̀, è",,8.0,Ẹja ọ̀sán ni wọ́n jẹ níbẹ̀,6.0,Le poisson du matin est mangé là-bas.
D004_yo,C_difficult,yo,Ṣíṣe iṣẹ́ dáadáa jẹ àǹfààní.,,Création manuelle,5,ṣ avec diacritiques,,10.0,Ṣí|ṣe i|ṣẹ́ dáa|dáa jẹ à|ǹfààní,9.0,Faire un bon travail est un avantage.
D005_yo,C_difficult,yo,Ọjà Ọjọ̀ Àárọ̀ jẹ iṣẹ́ àkọ́kọ́.,,Création manuelle,6,diacritiques multiples,,9.0,Ọjà Ọjọ̀ À|árọ̀ jẹ i|ṣẹ́ à|kọ́|kọ́,10.0,Le marché du mercredi matin est le travail principal.
D006_yo,C_difficult,yo,Ilé-ẹ̀kọ́ gíga ní ọ̀pọ̀ ọmọ ìkẹ́kọ̀ọ́.,,Création manuelle,6,composé: ilé-ẹ̀kọ́,,10.0,Ilé-ẹ̀|kọ́ gíga ní ọ̀pọ̀ ọmọ ì|kẹ́|kọ̀ọ́,9.0,L'école secondaire a beaucoup d'élèves.
D007_yo,C_difficult,yo,Ìjọba àpapọ̀ ń ṣiṣẹ̀ fún gbogbo ènìyàn.,,Création manuelle,7,composé: ìjọba-àpapọ̀,,12.0,Ì|jọba à|papọ̀ ń ṣi|ṣẹ̀ fún gbogbo ènìyàn,10.0,Le gouvernement fédéral travaille pour tous.
D008_yo,C_difficult,yo,Ọkọ̀ ojú omi tuntun ti dé ìbodè.,,Création manuelle,7,composé: ọkọ̀-ojú-omi,,9.0,Ọkọ̀ ojú omi tuntun ti dé ì|bodè,8.0,Le nouveau bateau est arrivé au port.
D009_yo,C_difficult,yo,Ilé iwòsàn tí ó tóbi jùlọ ní ìpínlẹ̀.,,Création manuelle,8,composé: ilé-iwòsàn,,13.0,Ilé ì|wòsàn tí ó tóbi jùlọ ní ì|pín|lẹ̀,11.0,Le plus grand hôpital est dans l'état.
D010_yo,C_difficult,yo,Ẹ̀rọ ìmọ̀ ẹ̀rọ ń yí padà lójoojúmọ́.,,Création manuelle,7,composé + diacritiques,,11.0,Ẹ̀rọ ì|mọ̀ ẹ̀rọ ń yí padà ló|joo|jú|mọ́,11.0,La machine de connaissance change chaque jour.
D011_yo,C_difficult,yo,Ọmọ ọlọ́pàá náà gbà ẹbùn ọlá.,,Création manuelle,6,ọ + diacritiques,,10.0,Ọmọ ọ|lọ́pàá náà gbà ẹbùn ọlá,7.0,L'enfant du policier a reçu un cadeau d'honneur.
D012_yo,C_difficult,yo,Ṣíṣe ẹ̀kọ́ ìmọ̀ ṣe pàtàkì púpọ̀.,,Création manuelle,6,"ṣ, ẹ̀, ì multiples",,11.0,Ṣí|ṣe ẹ̀|kọ́ ì|mọ̀ ṣe pàtàkì púpọ̀,9.0,Faire l'éducation de la connaissance est très important.
D013_yo,C_difficult,yo,Àwọn ọmọdé jẹ àgbàdo àti ẹ̀fọ́ rírò.,,Création manuelle,7,diacritiques variés,,11.0,Àwọn ọmọdé jẹ àgbàdo àti ẹ̀|fọ́ rí|rò,9.0,Les enfants mangent du maïs et des légumes.
D014_yo,C_difficult,yo,Ó ń gbọ̀ orin pẹ̀lú àwọn ọ̀rẹ́ rẹ̀.,,Création manuelle,8,"ọ̀, è, ẹ",,8.0,Ó ń gbọ̀ orin pẹ̀lú àwọn ọ̀|rẹ́ rẹ̀,9.0,Il écoute de la musique avec ses amis.
D015_yo,C_difficult,yo,Kòsóǹkálùkú jẹ orúkọ tó ṣọ̀tún.,,Création manuelle,5,mot agglutinant complexe,,12.0,Kò|só|ǹ|ká|lùkú jẹ orúkọ tó ṣọ̀tún,9.0,Kosọ́nkálùkú est un nom qui convient.
D016_yo,C_difficult,yo,"Dò, dó, dô mẹ́ta ni fún dá ìtumọ̀ yatọ̀.",,Création manuelle,9,tons multiples,,13.0,Dò dó dô mẹ́ta ni fún dá ì|tumọ̀ ya|tọ̀,11.0,"Dò, dó, dô sont trois mots pour créer des significations différentes."
D017_yo,C_difficult,yo,Ewé igi ọ̀pẹ ti gbẹ ní oorun.,,Création manuelle,7,tons différentiels,,8.0,Ewé igi ọ̀pẹ ti gbẹ ní oorun,7.0,Les feuilles du palmier ont séché au soleil.
D018_yo,C_difficult,yo,Àwọn ẹni tó ń gbádùn orin ọ̀jọ̀.,,Création manuelle,7,tons grammaticaux,,8.0,Àwọn ẹni tó ń gbádùn orin ọ̀|jọ̀,8.0,Ceux qui apprécient la musique du soir.
D019_yo,C_difficult,yo,Ìjìnlẹ̀ ọ̀rọ̀ náà kò yé mi.,,Création manuelle,6,structure tonale complexe,,8.0,Ì|jìn|lẹ̀ ọ̀|rọ̀ náà kò yé mi,9.0,La profondeur de la parole ne m'est pas claire.
D020_yo,C_difficult,yo,Ẹni tó bá ṣiṣẹ̀ dáadáa yóò rí ere.,,Création manuelle,8,structure conditionnelle + tons,,11.0,Ẹni tó bá ṣi|ṣẹ̀ dáa|dáa yóò rí ere,10.0,Celui qui fait un bon travail trouvera une récompense.
D001_sw,C_difficult,sw,Hatutakapokuwa tumefika nyumbani bado.,,Création manuelle,4,agglutination: hatutakapokuwa (ha-tu-taka-po-ku-wa),,13.0,Ha|tu|taka|po|ku|wa tu|me|fika nyumbani bado,11.0,"Quand nous ne voudrons pas être là, nous serons déjà arrivés à la maison."
D002_sw,C_difficult,sw,"Watakapokuwa wamekwisha kula, tutaondoka.",,Création manuelle,4,agglutination: watakapokuwa,,14.0,Wa|ta|ka|po|kuwa wa|me|kwisha kula tu|ta|ondoka,12.0,"Quand ils auront fini de manger, nous partirons."
D003_sw,C_difficult,sw,Anayemsaidia mwenzake atafanikiwa.,,Création manuelle,3,agglutination: anayemsaidia (a-na-ye-m-saidia),,13.0,A|na|ye|m|saidia mwenzake a|ta|fanikiwa,9.0,Celui qui aide son camarade réussira.
D004_sw,C_difficult,sw,Nitakayewaletea chakula wote watafurahi.,,Création manuelle,4,agglutination longue,,12.0,Ni|ta|ka|ya|wa|letea chakula wote wa|ta|furahi,11.0,Je leur apporterai de la nourriture et tous seront heureux.
D005_sw,C_difficult,sw,Hawajakwisha kufanya kazi zote bado.,,Création manuelle,5,agglutination: hawajakwisha,,10.0,Ha|wa|ja|kwisha ku|fanya kazi zote bado,9.0,Ils n'ont pas encore fini de faire tous les travaux.
D006_sw,C_difficult,sw,Vitabu vikubwa vilivyoandikwa vikiwa vizuri.,,Création manuelle,5,"classe vi-: vitabu, vilivyoandikwa",,14.0,Vi|tabu vi|kubwa vi|li|vyo|andikwa vi|ki|wa vizuri,12.0,Les grands livres bien écrits sont bons.
D007_sw,C_difficult,sw,Miti mikubwa iliyopandwa misituni imekuwa.,,Création manuelle,5,"classe mi-: miti, iliyopandwa",,15.0,Mi|ti mi|kubwa i|li|yo|pandwa misi|tuni i|me|kuwa,13.0,Les grands arbres plantés dans la forêt ont poussé.
D008_sw,C_difficult,sw,Watoto wachanga wanaolishwa maziwa wanakua.,,Création manuelle,5,"classe wa-: watoto, wanaolishwa",,14.0,Wa|toto wa|changa wa|na|o|lishwa maziwa wa|na|kua,12.0,Les jeunes enfants allaités au lait grandissent.
D009_sw,C_difficult,sw,Nyumba nzuri zilizojengwa mpya zinafaa.,,Création manuelle,5,classe zi-: zilizojengwa,,13.0,Nyumba nzuri zi|li|zo|jengwa mpya zi|na|faa,10.0,Les belles maisons nouvellement construites conviennent.
D010_sw,C_difficult,sw,Chakula kibaya kilichopikwa vizuri kinapokelewa.,,Création manuelle,5,classe ki-: kilichopikwa,,15.0,Chakula ki|baya ki|li|cho|pikwa vizuri ki|na|po|kelewa,12.0,La mauvaise nourriture bien cuisinée est acceptable.
D011_sw,C_difficult,sw,Nilikuwa nikijaribu kukusaidia kufanya kazi.,,Création manuelle,5,temps progressif passé,,14.0,Ni|li|kuwa ni|ki|jaribu ku|ku|saidia ku|fanya kazi,12.0,J'étais en train d'essayer de t'aider à faire le travail.
D012_sw,C_difficult,sw,Wangekuwa wamekwisha lipa pesa zote.,,Création manuelle,5,conditionnel parfait,,10.0,Wa|nge|kuwa wa|me|kwisha lipa pesa zote,9.0,Ils auraient déjà payé tout l'argent.
D013_sw,C_difficult,sw,Walikuwa wamejificha chini ya mti mkubwa.,,Création manuelle,6,passé parfait,,15.0,Wa|li|kuwa wa|me|ji|ficha chini ya mti m|kubwa,12.0,Ils s'étaient cachés sous un grand arbre.
D014_sw,C_difficult,sw,Atakuwa amekwisha soma kitabu chote.,,Création manuelle,5,futur antérieur,,11.0,A|ta|kuwa a|me|kwisha soma ki|tabu chote,10.0,Il aura déjà lu tout le livre.
D015_sw,C_difficult,sw,Tulikuwa tukifanya kazi pamoja kabla ya mvua.,,Création manuelle,7,progressif passé,,13.0,Tu|li|kuwa tu|ki|fanya kazi pamoja kabla ya mvua,11.0,Nous étions en train de travailler ensemble avant la pluie.
D016_sw,C_difficult,sw,Wanafunzi wanajiandaa kwa mitihani yao.,,Création manuelle,5,réfléchi: wana-ji-andaa,,11.0,Wana|funzi wa|na|ji|andaa kwa mi|tahani yao,10.0,Les étudiants se préparent pour leurs examens.
D017_sw,C_difficult,sw,Daktari anamtibu mgonjwa vizuri hospitalini.,,Création manuelle,5,causatif: a-na-m-tibu,,11.0,Daktari a|na|m|tibu mgonjwa vizuri hospitali|ni,9.0,Le médecin soigne bien le malade à l'hôpital.
D018_sw,C_difficult,sw,Watu wanashirikiana katika kazi za jamii.,,Création manuelle,6,associatif: wana-shirikiana,,10.0,Watu wa|na|shiri|kiana katika kazi za jamii,9.0,Les gens coopèrent dans les travaux communautaires.
D019_sw,C_difficult,sw,Serikali iliwasaidia wananchi walioathirika.,,Création manuelle,4,applicatif: i-li-wa-saidia,,12.0,Serikali i|li|wa|saidia wananchi wa|li|o|athirika,10.0,Le gouvernement a aidé les citoyens affectés.
D020_sw,C_difficult,sw,Mmoja wao alijibu maswali yote haraka.,,Création manuelle,6,réfléchi: ali-ji-bu,,10.0,Mmoja wao a|li|jibu maswali yote haraka,8.0,L'un d'eux a répondu à toutes les questions rapidement.
D001_fon,C_difficult,fon,"Dó, dò, dô: gbè atɔ̌n lɛ ɖó taji ɖò Fon.",,Création manuelle,10,tons: dó/dò/dô distinctifs,,11.0,Dó dò dô gbè a|tɔ̌n lɛ ɖó ta|ji ɖò Fon,12.0,"Dó, dò, dô : les trois tons sont importants en fon."
D002_fon,C_difficult,fon,"Bó e nyí bo mɔ̌ ɔ, nǔ ɔ cí ɖagbe.",,Création manuelle,10,"monosyllabes: bó, bo, mɔ̌",,10.0,Bó e nyí bo mɔ̌ ɔ nǔ ɔ cí ɖagbe,10.0,"Si c'est ainsi, la chose va bien."
D003_fon,C_difficult,fon,Wɛ̀ kpo wɛ̀ kpo nyí nǔ ɖokpo wɛ à?,,Création manuelle,9,répétition tonale,,10.0,Wɛ̀ kpo wɛ̀ kpo nyí nǔ ɖo|kpo wɛ à,10.0,"Et aussi et aussi, c'est la même chose ?"
D004_fon,C_difficult,fon,Có e mɛ nɔ hɔn ɔ nɔ xlɛ́ mɛ ɖagbe.,,Création manuelle,10,ton grammatical: có,,10.0,Có e mɛ nɔ hɔn ɔ nɔ xlɛ́ mɛ ɖagbe,10.0,Là où les gens passent montre bien les personnes.
D005_fon,C_difficult,fon,Jló nɔ yì dó bǎ e mɔ wɛ nɔ kpé.,,Création manuelle,10,tons fonctionnels,,10.0,Jló nɔ yì dó bǎ e mɔ wɛ nɔ kpé,10.0,Le désir d'aller là où on peut est fort.
D006_fon,C_difficult,fon,È ɖó na yì bɔ è na wá dó.,,Création manuelle,9,séquence courte e-ɖó-na-yì,,9.0,È ɖó na yì bɔ è na wá dó,9.0,Il doit aller et il doit venir.
D007_fon,C_difficult,fon,Ɛ ko sɔ́ alɔ dó bɔ nǔ ɔ cí ɖagbe.,,Création manuelle,10,séquence: ɛ-ko-sɔ́,,10.0,Ɛ ko sɔ́ alɔ dó bɔ nǔ ɔ cí ɖagbe,10.0,Il a pris la main pour que la chose aille bien.
D008_fon,C_difficult,fon,Mɛ ɔ ɖò na wà nǔ có wɛ.,,Création manuelle,8,aspectuel: ɖò-na,,8.0,Mɛ ɔ ɖò na wà nǔ có wɛ,8.0,La personne est en train de faire la chose.
D009_fon,C_difficult,fon,È nɔ yì có è nɔ wá dó.,,Création manuelle,8,opposition tonale è,,8.0,È nɔ yì có è nɔ wá dó,8.0,Il va habituellement et il vient habituellement.
D010_fon,C_difficult,fon,Nú e nyí ɖagbe ɔ wɛ é bló.,,Création manuelle,8,focus: wɛ,,8.0,Nú e nyí ɖagbe ɔ wɛ é bló,8.0,C'est la chose bonne qu'il a faite.
D011_fon,C_difficult,fon,Àxɔ́sú ɔ sɔ́ axɔ́su ɔ tɔn sín afɔ.,,Création manuelle,8,ton bas/haut: àxɔ́sú vs axɔ́su,,10.0,À|xɔ́|sú ɔ sɔ́ a|xɔ́|su ɔ tɔn sín afɔ,12.0,Le roi a pris le bien du roi.
D012_fon,C_difficult,fon,Hɛn e mɔ sín fí ɔ kaka ɖó nǔ.,,Création manuelle,9,registres tonaux,,9.0,Hɛn e mɔ sín fí ɔ kaka ɖó nǔ,9.0,La source trouvée ici ne cesse de donner.
D013_fon,C_difficult,fon,Gbè ɔ nɔ ɖɔ nǔ e ɖò na jɛ.,,Création manuelle,9,ton grammatical: ɔ,,9.0,Gbè ɔ nɔ ɖɔ nǔ e ɖò na jɛ,9.0,La langue dit les choses qui vont venir.
D014_fon,C_difficult,fon,Azǎn gbɛ̀ gbɛ̀ wɛ mɛ nɔ wà azɔ.,,Création manuelle,8,redoublement: gbɛ̀ gbɛ̀,,9.0,A|zǎn gbɛ̀ gbɛ̀ wɛ mɛ nɔ wà a|zɔ,10.0,Chaque jour les gens travaillent.
D015_fon,C_difficult,fon,Kɔ ɔ nyí fí e mɛ nɔ xò xò ɔ.,,Création manuelle,10,monosyllabes denses,,10.0,Kɔ ɔ nyí fí e mɛ nɔ xò xò ɔ,10.0,Le seau est l'endroit où on joue habituellement.
D016_fon,C_difficult,fon,É ɖò na yì Cotonou bo ɖò na wɛn azɔ.,,Création manuelle,10,structure isolante,,10.0,É ɖò na yì Cotonou bo ɖò na wɛn a|zɔ,11.0,Il est en train d'aller à Cotonou et de faire un travail.
D017_fon,C_difficult,fon,Nǔ e nyí ɖagbe ɔ wɛ mǐ ɖó na bló.,,Création manuelle,10,focalisation: wɛ,,10.0,Nǔ e nyí ɖagbe ɔ wɛ mǐ ɖó na bló,10.0,C'est la chose bonne que nous devons faire.
D018_fon,C_difficult,fon,"Mɛ e ko wà nǔ ɔ ɔ, é ɖó mɔ nǔ.",,Création manuelle,11,relatif complexe,,11.0,Mɛ e ko wà nǔ ɔ ɔ é ɖó mɔ nǔ,11.0,La personne qui a fait la chose doit obtenir sa récompense.
D019_fon,C_difficult,fon,È nɔ ɖɔ ɖɔ nǔ ɔ nyí ɖagbe.,,Création manuelle,8,complétive: ɖɔ ɖɔ,,8.0,È nɔ ɖɔ ɖɔ nǔ ɔ nyí ɖagbe,8.0,Il dit que la chose est bonne.
D020_fon,C_difficult,fon,Bɔ e na yì bɔ e na wà nǔ ɔ.,,Création manuelle,10,consécutif: bɔ,,10.0,Bɔ e na yì bɔ e na wà nǔ ɔ,10.0,Pour qu'il aille et fasse la chose.
D001_fr,C_difficult,fr,L'anticonstitutionnellement est le mot le plus long.,,Création manuelle,7,dérivation: anti-constitution-nel-le-ment,,16.0,L' anti|constitu|tion|nel|le|ment est le mot le plus long,13.0,
D002_fr,C_difficult,fr,Les prestidigitateurs éblouissent les spectateurs.,,Création manuelle,5,mots longs avec suffixes,,13.0,Les presti|digi|tat|eur|s éblouis|sent les spect|at|eur|s,13.0,
D003_fr,C_difficult,fr,Le gouvernement incompréhensible déconcerte les citoyens.,,Création manuelle,6,préfixes in- + suffixes,,15.0,Le gouverne|ment in|compréhen|si|ble déconcert|e les citoyen|s,12.0,
D004_fr,C_difficult,fr,Les interconnexions internationales facilitent les échanges.,,Création manuelle,6,"préfixes: inter-, in-",,14.0,Les inter|connexion|s inter|national|e|s facilit|ent les échange|s,13.0,
D005_fr,C_difficult,fr,La désintégration nucléaire libère une énergie considérable.,,Création manuelle,7,dérivation complexe,,14.0,La dés|intégr|ation nucléair|e libèr|e une énergi|e considér|abl|e,14.0,
D006_fr,C_difficult,fr,Les biotechnologies révolutionnent la médecine contemporaine.,,Création manuelle,6,composé: bio-technologies,,13.0,Les bio|technologi|e|s révolut|ionn|ent la médecin|e contemporain|e,13.0,
D007_fr,C_difficult,fr,L'incontournabilité du sujet s'impose d'elle-même.,,Création manuelle,5,nominalisation longue,,13.0,L' in|contour|na|bil|ité du sujet s'|impos|e d'|elle-même,13.0,
D008_fr,C_difficult,fr,Les entrepreneuriat et l'intrapreneuriat se développent.,,Création manuelle,6,néologismes dérivés,,14.0,Les entre|prene|ur|iat et l' intra|prene|ur|iat se développ|ent,14.0,
D009_fr,C_difficult,fr,Les communications intercontinentales sont instantanées.,,Création manuelle,5,préfixe inter- + long mot,,13.0,Les commun|ic|ation|s inter|continent|al|e|s son|t instant|an|é|e|s,17.0,
D010_fr,C_difficult,fr,Le développement socio-économique durable est nécessaire.,,Création manuelle,6,composé: socio-économique,,14.0,Le développ|e|ment socio-|économi|que durable est nécessair|e,11.0,
D011_fr,C_difficult,fr,Les réglementations environnementales évoluent rapidement.,,Création manuelle,5,mots longs,,12.0,Les réglement|ation|s environ|ne|ment|al|e|s évolut|ent rapid|e|ment,15.0,
D012_fr,C_difficult,fr,L'internationalisation des marchés crée des opportunités.,,Création manuelle,6,préfixe + nominalisation,,13.0,L' inter|national|is|ation des march|é|s crée des opport|un|ité|s,15.0,
D013_fr,C_difficult,fr,Les algorithmes d'apprentissage automatique progressent.,,Création manuelle,5,terminologie technique,,12.0,Les algorith|me|s d' apprent|iss|age auto|mat|iqu|e progress|ent,14.0,
D014_fr,C_difficult,fr,La désynchronisation temporelle affecte la productivité.,,Création manuelle,6,préfixe dé- + long mot,,13.0,La dé|synchroni|s|ation temporelle affect|e la product|iv|ité,12.0,
D015_fr,C_difficult,fr,Les infrastructures numériques interconnectent les régions.,,Création manuelle,6,préfixe inter-,,13.0,Les infra|struct|ur|e|s numériqu|e|s inter|connect|ent les région|s,15.0,
D016_fr,C_difficult,fr,L'électromagnétisme explique de nombreux phénomènes.,,Création manuelle,5,composé scientifique,,12.0,L' électro|magnét|ism|e expliqu|e de nombreux phénomèn|e|s,12.0,
D017_fr,C_difficult,fr,Les pharmaceutiques multinationales dominent le marché.,,Création manuelle,6,composé: multi-nationales,,12.0,Les pharmac|eut|iqu|e|s multi|national|e|s domin|ent le march|é,15.0,
D018_fr,C_difficult,fr,La psychoneuroimmunologie est une discipline émergente.,,Création manuelle,6,composé très long,,14.0,La psycho|neuro|immuno|logi|e est une disciplin|e émergeant|e,12.0,
D019_fr,C_difficult,fr,Les contre-performances économiques inquiètent les experts.,,Création manuelle,6,préfixe contre-,,14.0,Les contre-|perform|anc|e|s économi|que|s inquiét|ent les expert|s,14.0,
D020_fr,C_difficult,fr,L'autodétermination des peuples est un droit fondamental.,,Création manuelle,7,préfixe auto-,,14.0,L' auto-|détermin|ation des peupl|e|s est un droit fondament|al,13.0,
